firm_key,reporting_period,source_reporting_period,product_group,display_firm_name,resolved_frn,observation_start,observation_end,eligible_rule_count,triggered_rule_count,persistent_rule_count,triggered_rule_ids,uncapped_base_warning_score,base_warning_score,family_score_evidence,point_cap_reduction,persistence_bonus,warning_score,coverage_status,priority_band,methodology_id,methodology_status,independent_signal_family_count,triggered_signal_families,persistent_trigger_ids,complaints_opened_count,complaints_closed_count,complaints_upheld_pct,closed_within_8_weeks_pct,context_provision_rate,context_intermediation_rate,identity_match_status,previous_sample_review_outcome,previous_sample_review_comment,review_flags,review_disposition,review_comment,source_check_status,resolved_disposition,source_check_resolution,source_check_evidence,review_method,reviewer,reviewed_at,business_approval_status
FRN:106078,2023-H1,2022-10-01 to 2023-04-04,insurance_and_pure_protection,Nationwide Building Society,106078.0,2022-10-01,2023-04-04,7,3,1,CTX_INTERMEDIATION_DETERIORATION|OPENED_EXCEPTIONAL_GROWTH|OVER_8_WEEKS_HIGH,7,7,"{""complaint_outcome"": {""cap"": 4, ""capped_points"": 0, ""uncapped_points"": 0}, ""context_rate"": {""cap"": 4, ""capped_points"": 2, ""uncapped_points"": 2}, ""timeliness"": {""cap"": 3, ""capped_points"": 3, ""uncapped_points"": 3}, ""volume_pressure"": {""cap"": 2, ""capped_points"": 2, ""uncapped_points"": 2}}",0,1,8,broad,priority_review,fca_complaint_early_warning_v2_candidate,analytical_candidate_pending_business_review,3,context_rate|timeliness|volume_pressure,OVER_8_WEEKS_HIGH,542.0,277.0,0.2779783393501805,0.7292418772563176,,12.33,matched,,,,retain_priority_review,"Score 8 from 3 rules across 3 independent signal families (context_rate|timeliness|volume_pressure). Persistent rules: OVER_8_WEEKS_HIGH. Multiple or reinforced signals support retaining priority-review status. This is prioritisation evidence, not a harm finding.",,,,,structured_analytical_review_v1,Codex,2026-07-20,pending_business_review
FRN:106081,2022-H1,2022-01-01 to 2022-06-30,home_finance,Landmark Mortgages Limited,106081.0,2022-01-01,2022-06-30,7,3,1,CTX_PROVISION_DETERIORATION|CTX_PROVISION_PEER_HIGH|OVER_8_WEEKS_HIGH,8,7,"{""complaint_outcome"": {""cap"": 4, ""capped_points"": 0, ""uncapped_points"": 0}, ""context_rate"": {""cap"": 4, ""capped_points"": 4, ""uncapped_points"": 5}, ""timeliness"": {""cap"": 3, ""capped_points"": 3, ""uncapped_points"": 3}, ""volume_pressure"": {""cap"": 2, ""capped_points"": 0, ""uncapped_points"": 0}}",1,1,8,broad,priority_review,fca_complaint_early_warning_v2_candidate,analytical_candidate_pending_business_review,2,context_rate|timeliness,OVER_8_WEEKS_HIGH,873.0,881.0,0.479,0.8343,24.64,,matched,,,,retain_priority_review_borderline,"Score 8 from 3 rules across 2 independent signal families (context_rate|timeliness). Persistent rules: OVER_8_WEEKS_HIGH. This is an exact-boundary case supported by two distinct families; retain for review but rank below stronger priority cases. This is prioritisation evidence, not a harm finding.",,,,,structured_analytical_review_v1,Codex,2026-07-20,pending_business_review
FRN:106081,2023-H1,2023-01-01 to 2023-06-30,home_finance,Landmark Mortgages Limited,106081.0,2023-01-01,2023-06-30,7,3,2,CTX_PROVISION_DETERIORATION|CTX_PROVISION_PEER_HIGH|OVER_8_WEEKS_HIGH,8,7,"{""complaint_outcome"": {""cap"": 4, ""capped_points"": 0, ""uncapped_points"": 0}, ""context_rate"": {""cap"": 4, ""capped_points"": 4, ""uncapped_points"": 5}, ""timeliness"": {""cap"": 3, ""capped_points"": 3, ""uncapped_points"": 3}, ""volume_pressure"": {""cap"": 2, ""capped_points"": 0, ""uncapped_points"": 0}}",1,2,9,broad,priority_review,fca_complaint_early_warning_v2_candidate,analytical_candidate_pending_business_review,2,context_rate|timeliness,CTX_PROVISION_DETERIORATION|CTX_PROVISION_PEER_HIGH,1331.0,1294.0,0.4984544049459041,0.6785162287480679,45.5,,matched,,,,retain_priority_review,"Score 9 from 3 rules across 2 independent signal families (context_rate|timeliness). Persistent rules: CTX_PROVISION_DETERIORATION|CTX_PROVISION_PEER_HIGH. Multiple or reinforced signals support retaining priority-review status. This is prioritisation evidence, not a harm finding.",,,,,structured_analytical_review_v1,Codex,2026-07-20,pending_business_review
FRN:106081,2023-H2,2023-07-01 to 2023-12-31,home_finance,Landmark Mortgages Limited,106081.0,2023-07-01,2023-12-31,7,2,2,CTX_PROVISION_PEER_HIGH|OVER_8_WEEKS_HIGH,6,6,"{""complaint_outcome"": {""cap"": 4, ""capped_points"": 0, ""uncapped_points"": 0}, ""context_rate"": {""cap"": 4, ""capped_points"": 3, ""uncapped_points"": 3}, ""timeliness"": {""cap"": 3, ""capped_points"": 3, ""uncapped_points"": 3}, ""volume_pressure"": {""cap"": 2, ""capped_points"": 0, ""uncapped_points"": 0}}",0,2,8,broad,priority_review,fca_complaint_early_warning_v2_candidate,analytical_candidate_pending_business_review,2,context_rate|timeliness,CTX_PROVISION_PEER_HIGH|OVER_8_WEEKS_HIGH,1033.0,1247.0,0.4747,0.7313000000000001,38.68,,matched,,,,retain_priority_review_borderline,"Score 8 from 2 rules across 2 independent signal families (context_rate|timeliness). Persistent rules: CTX_PROVISION_PEER_HIGH|OVER_8_WEEKS_HIGH. This is an exact-boundary case supported by two distinct families; retain for review but rank below stronger priority cases. This is prioritisation evidence, not a harm finding.",,,,,structured_analytical_review_v1,Codex,2026-07-20,pending_business_review
FRN:110035,2021-H2,2021-07-01 to 2021-12-31,investments,Liverpool Victoria Financial Services Limited,110035.0,2021-07-01,2021-12-31,7,3,1,CTX_PROVISION_DETERIORATION|CTX_PROVISION_PEER_HIGH|UPHELD_PEER_HIGH,8,7,"{""complaint_outcome"": {""cap"": 4, ""capped_points"": 3, ""uncapped_points"": 3}, ""context_rate"": {""cap"": 4, ""capped_points"": 4, ""uncapped_points"": 5}, ""timeliness"": {""cap"": 3, ""capped_points"": 0, ""uncapped_points"": 0}, ""volume_pressure"": {""cap"": 2, ""capped_points"": 0, ""uncapped_points"": 0}}",1,1,8,broad,priority_review,fca_complaint_early_warning_v2_candidate,analytical_candidate_pending_business_review,2,complaint_outcome|context_rate,UPHELD_PEER_HIGH,394.0,385.0,0.87,0.943,5.88,,matched,,,,retain_priority_review_borderline,"Score 8 from 3 rules across 2 independent signal families (complaint_outcome|context_rate). Persistent rules: UPHELD_PEER_HIGH. This is an exact-boundary case supported by two distinct families; retain for review but rank below stronger priority cases. This is prioritisation evidence, not a harm finding.",,,,,structured_analytical_review_v1,Codex,2026-07-20,pending_business_review
FRN:110035,2022-H1,2022-01-01 to 2022-06-30,investments,Liverpool Victoria Financial Services Limited,110035.0,2022-01-01,2022-06-30,7,4,3,CTX_PROVISION_DETERIORATION|CTX_PROVISION_PEER_HIGH|UPHELD_DETERIORATION|UPHELD_PEER_HIGH,10,8,"{""complaint_outcome"": {""cap"": 4, ""capped_points"": 4, ""uncapped_points"": 5}, ""context_rate"": {""cap"": 4, ""capped_points"": 4, ""uncapped_points"": 5}, ""timeliness"": {""cap"": 3, ""capped_points"": 0, ""uncapped_points"": 0}, ""volume_pressure"": {""cap"": 2, ""capped_points"": 0, ""uncapped_points"": 0}}",2,2,10,broad,priority_review,fca_complaint_early_warning_v2_candidate,analytical_candidate_pending_business_review,2,complaint_outcome|context_rate,CTX_PROVISION_DETERIORATION|CTX_PROVISION_PEER_HIGH|UPHELD_PEER_HIGH,545.0,528.0,0.9205,0.9451,8.45,,matched,,,,retain_priority_review,"Score 10 from 4 rules across 2 independent signal families (complaint_outcome|context_rate). Persistent rules: CTX_PROVISION_DETERIORATION|CTX_PROVISION_PEER_HIGH|UPHELD_PEER_HIGH. Multiple or reinforced signals support retaining priority-review status. This is prioritisation evidence, not a harm finding.",,,,,structured_analytical_review_v1,Codex,2026-07-20,pending_business_review
FRN:110035,2022-H2,2022-07-01 to 2022-12-31,investments,Liverpool Victoria Financial Services Limited,110035.0,2022-07-01,2022-12-31,7,3,3,CTX_PROVISION_DETERIORATION|CTX_PROVISION_PEER_HIGH|UPHELD_PEER_HIGH,8,7,"{""complaint_outcome"": {""cap"": 4, ""capped_points"": 3, ""uncapped_points"": 3}, ""context_rate"": {""cap"": 4, ""capped_points"": 4, ""uncapped_points"": 5}, ""timeliness"": {""cap"": 3, ""capped_points"": 0, ""uncapped_points"": 0}, ""volume_pressure"": {""cap"": 2, ""capped_points"": 0, ""uncapped_points"": 0}}",1,2,9,broad,priority_review,fca_complaint_early_warning_v2_candidate,analytical_candidate_pending_business_review,2,complaint_outcome|context_rate,CTX_PROVISION_DETERIORATION|CTX_PROVISION_PEER_HIGH|UPHELD_PEER_HIGH,778.0,792.0,0.9558,0.976,12.72,,matched,,,,retain_priority_review,"Score 9 from 3 rules across 2 independent signal families (complaint_outcome|context_rate). Persistent rules: CTX_PROVISION_DETERIORATION|CTX_PROVISION_PEER_HIGH|UPHELD_PEER_HIGH. Multiple or reinforced signals support retaining priority-review status. This is prioritisation evidence, not a harm finding.",,,,,structured_analytical_review_v1,Codex,2026-07-20,pending_business_review
FRN:110035,2023-H1,2023-01-01 to 2023-06-30,decumulation_and_pensions,Liverpool Victoria Financial Services Limited,110035.0,2023-01-01,2023-06-30,7,3,1,CTX_PROVISION_DETERIORATION|CTX_PROVISION_PEER_HIGH|UPHELD_PEER_HIGH,8,7,"{""complaint_outcome"": {""cap"": 4, ""capped_points"": 3, ""uncapped_points"": 3}, ""context_rate"": {""cap"": 4, ""capped_points"": 4, ""uncapped_points"": 5}, ""timeliness"": {""cap"": 3, ""capped_points"": 0, ""uncapped_points"": 0}, ""volume_pressure"": {""cap"": 2, ""capped_points"": 0, ""uncapped_points"": 0}}",1,1,8,broad,priority_review,fca_complaint_early_warning_v2_candidate,analytical_candidate_pending_business_review,2,complaint_outcome|context_rate,UPHELD_PEER_HIGH,903.0,911.0,0.8441273326015367,0.8748627881448956,5.12,,matched,,,,retain_priority_review_borderline,"Score 8 from 3 rules across 2 independent signal families (complaint_outcome|context_rate). Persistent rules: UPHELD_PEER_HIGH. This is an exact-boundary case supported by two distinct families; retain for review but rank below stronger priority cases. This is prioritisation evidence, not a harm finding.",,,,,structured_analytical_review_v1,Codex,2026-07-20,pending_business_review
FRN:110035,2023-H1,2023-01-01 to 2023-06-30,investments,Liverpool Victoria Financial Services Limited,110035.0,2023-01-01,2023-06-30,7,2,2,CTX_PROVISION_PEER_HIGH|UPHELD_PEER_HIGH,6,6,"{""complaint_outcome"": {""cap"": 4, ""capped_points"": 3, ""uncapped_points"": 3}, ""context_rate"": {""cap"": 4, ""capped_points"": 3, ""uncapped_points"": 3}, ""timeliness"": {""cap"": 3, ""capped_points"": 0, ""uncapped_points"": 0}, ""volume_pressure"": {""cap"": 2, ""capped_points"": 0, ""uncapped_points"": 0}}",0,2,8,broad,priority_review,fca_complaint_early_warning_v2_candidate,analytical_candidate_pending_business_review,2,complaint_outcome|context_rate,CTX_PROVISION_PEER_HIGH|UPHELD_PEER_HIGH,473.0,472.0,0.913135593220339,0.9364406779661016,8.19,,matched,,,,retain_priority_review_borderline,"Score 8 from 2 rules across 2 independent signal families (complaint_outcome|context_rate). Persistent rules: CTX_PROVISION_PEER_HIGH|UPHELD_PEER_HIGH. This is an exact-boundary case supported by two distinct families; retain for review but rank below stronger priority cases. This is prioritisation evidence, not a harm finding.",,,,,structured_analytical_review_v1,Codex,2026-07-20,pending_business_review
FRN:110035,2023-H2,2023-07-01 to 2023-12-31,investments,Liverpool Victoria Financial Services Limited,110035.0,2023-07-01,2023-12-31,7,2,2,CTX_PROVISION_PEER_HIGH|UPHELD_PEER_HIGH,6,6,"{""complaint_outcome"": {""cap"": 4, ""capped_points"": 3, ""uncapped_points"": 3}, ""context_rate"": {""cap"": 4, ""capped_points"": 3, ""uncapped_points"": 3}, ""timeliness"": {""cap"": 3, ""capped_points"": 0, ""uncapped_points"": 0}, ""volume_pressure"": {""cap"": 2, ""capped_points"": 0, ""uncapped_points"": 0}}",0,2,8,broad,priority_review,fca_complaint_early_warning_v2_candidate,analytical_candidate_pending_business_review,2,complaint_outcome|context_rate,CTX_PROVISION_PEER_HIGH|UPHELD_PEER_HIGH,472.0,482.0,0.9087,0.9709,8.78,,matched,,,,retain_priority_review_borderline,"Score 8 from 2 rules across 2 independent signal families (complaint_outcome|context_rate). Persistent rules: CTX_PROVISION_PEER_HIGH|UPHELD_PEER_HIGH. This is an exact-boundary case supported by two distinct families; retain for review but rank below stronger priority cases. This is prioritisation evidence, not a harm finding.",,,,,structured_analytical_review_v1,Codex,2026-07-20,pending_business_review
FRN:110035,2024-H1,2024-01-01 to 2024-06-30,investments,Liverpool Victoria Financial Services Limited,110035.0,2024-01-01,2024-06-30,7,2,2,CTX_PROVISION_PEER_HIGH|UPHELD_PEER_HIGH,6,6,"{""complaint_outcome"": {""cap"": 4, ""capped_points"": 3, ""uncapped_points"": 3}, ""context_rate"": {""cap"": 4, ""capped_points"": 3, ""uncapped_points"": 3}, ""timeliness"": {""cap"": 3, ""capped_points"": 0, ""uncapped_points"": 0}, ""volume_pressure"": {""cap"": 2, ""capped_points"": 0, ""uncapped_points"": 0}}",0,2,8,broad,priority_review,fca_complaint_early_warning_v2_candidate,analytical_candidate_pending_business_review,2,complaint_outcome|context_rate,CTX_PROVISION_PEER_HIGH|UPHELD_PEER_HIGH,383.0,391.0,0.8645,0.977,7.69,,matched,,,,retain_priority_review_borderline,"Score 8 from 2 rules across 2 independent signal families (complaint_outcome|context_rate). Persistent rules: CTX_PROVISION_PEER_HIGH|UPHELD_PEER_HIGH. This is an exact-boundary case supported by two distinct families; retain for review but rank below stronger priority cases. This is prioritisation evidence, not a harm finding.",,,,,structured_analytical_review_v1,Codex,2026-07-20,pending_business_review
FRN:110462,2023-H2,2023-07-01 to 2023-12-31,investments,ReAssure Life Limited,110462.0,2023-07-01,2023-12-31,7,3,2,CTX_PROVISION_PEER_HIGH|UPHELD_DETERIORATION|UPHELD_PEER_HIGH,8,7,"{""complaint_outcome"": {""cap"": 4, ""capped_points"": 4, ""uncapped_points"": 5}, ""context_rate"": {""cap"": 4, ""capped_points"": 3, ""uncapped_points"": 3}, ""timeliness"": {""cap"": 3, ""capped_points"": 0, ""uncapped_points"": 0}, ""volume_pressure"": {""cap"": 2, ""capped_points"": 0, ""uncapped_points"": 0}}",1,2,9,broad,priority_review,fca_complaint_early_warning_v2_candidate,analytical_candidate_pending_business_review,2,complaint_outcome|context_rate,CTX_PROVISION_PEER_HIGH|UPHELD_DETERIORATION,256.0,263.0,0.8859,0.962,8.39,,matched,,,,retain_priority_review,"Score 9 from 3 rules across 2 independent signal families (complaint_outcome|context_rate). Persistent rules: CTX_PROVISION_PEER_HIGH|UPHELD_DETERIORATION. Multiple or reinforced signals support retaining priority-review status. This is prioritisation evidence, not a harm finding.",,,,,structured_analytical_review_v1,Codex,2026-07-20,pending_business_review
FRN:110462,2024-H1,2024-01-01 to 2024-06-30,insurance_and_pure_protection,ReAssure Life Limited,110462.0,2024-01-01,2024-06-30,7,2,2,CTX_PROVISION_PEER_HIGH|UPHELD_PEER_HIGH,6,6,"{""complaint_outcome"": {""cap"": 4, ""capped_points"": 3, ""uncapped_points"": 3}, ""context_rate"": {""cap"": 4, ""capped_points"": 3, ""uncapped_points"": 3}, ""timeliness"": {""cap"": 3, ""capped_points"": 0, ""uncapped_points"": 0}, ""volume_pressure"": {""cap"": 2, ""capped_points"": 0, ""uncapped_points"": 0}}",0,2,8,broad,priority_review,fca_complaint_early_warning_v2_candidate,analytical_candidate_pending_business_review,2,complaint_outcome|context_rate,CTX_PROVISION_PEER_HIGH|UPHELD_PEER_HIGH,467.0,451.0,0.8958,0.9445,10.03,,matched,,,,retain_priority_review_borderline,"Score 8 from 2 rules across 2 independent signal families (complaint_outcome|context_rate). Persistent rules: CTX_PROVISION_PEER_HIGH|UPHELD_PEER_HIGH. This is an exact-boundary case supported by two distinct families; retain for review but rank below stronger priority cases. This is prioritisation evidence, not a harm finding.",,,,,structured_analytical_review_v1,Codex,2026-07-20,pending_business_review
FRN:110462,2024-H1,2024-01-01 to 2024-06-30,investments,ReAssure Life Limited,110462.0,2024-01-01,2024-06-30,7,2,2,CTX_PROVISION_PEER_HIGH|UPHELD_PEER_HIGH,6,6,"{""complaint_outcome"": {""cap"": 4, ""capped_points"": 3, ""uncapped_points"": 3}, ""context_rate"": {""cap"": 4, ""capped_points"": 3, ""uncapped_points"": 3}, ""timeliness"": {""cap"": 3, ""capped_points"": 0, ""uncapped_points"": 0}, ""volume_pressure"": {""cap"": 2, ""capped_points"": 0, ""uncapped_points"": 0}}",0,2,8,broad,priority_review,fca_complaint_early_warning_v2_candidate,analytical_candidate_pending_business_review,2,complaint_outcome|context_rate,CTX_PROVISION_PEER_HIGH|UPHELD_PEER_HIGH,232.0,210.0,0.881,0.9619,9.02,,matched,,,,retain_priority_review_borderline,"Score 8 from 2 rules across 2 independent signal families (complaint_outcome|context_rate). Persistent rules: CTX_PROVISION_PEER_HIGH|UPHELD_PEER_HIGH. This is an exact-boundary case supported by two distinct families; retain for review but rank below stronger priority cases. This is prioritisation evidence, not a harm finding.",,,,,structured_analytical_review_v1,Codex,2026-07-20,pending_business_review
FRN:110462,2024-H2,2024-07-01 to 2024-12-31,insurance_and_pure_protection,ReAssure Life Limited,110462.0,2024-07-01,2024-12-31,7,2,2,CTX_PROVISION_PEER_HIGH|UPHELD_PEER_HIGH,6,6,"{""complaint_outcome"": {""cap"": 4, ""capped_points"": 3, ""uncapped_points"": 3}, ""context_rate"": {""cap"": 4, ""capped_points"": 3, ""uncapped_points"": 3}, ""timeliness"": {""cap"": 3, ""capped_points"": 0, ""uncapped_points"": 0}, ""volume_pressure"": {""cap"": 2, ""capped_points"": 0, ""uncapped_points"": 0}}",0,2,8,broad,priority_review,fca_complaint_early_warning_v2_candidate,analytical_candidate_pending_business_review,2,complaint_outcome|context_rate,CTX_PROVISION_PEER_HIGH|UPHELD_PEER_HIGH,356.0,392.0,0.8724,0.9183,7.92,,matched,,,,retain_priority_review_borderline,"Score 8 from 2 rules across 2 independent signal families (complaint_outcome|context_rate). Persistent rules: CTX_PROVISION_PEER_HIGH|UPHELD_PEER_HIGH. This is an exact-boundary case supported by two distinct families; retain for review but rank below stronger priority cases. This is prioritisation evidence, not a harm finding.",,,,,structured_analytical_review_v1,Codex,2026-07-20,pending_business_review
FRN:110462,2024-H2,2024-07-01 to 2024-12-31,investments,ReAssure Life Limited,110462.0,2024-07-01,2024-12-31,7,3,2,CTX_PROVISION_PEER_HIGH|UPHELD_DETERIORATION|UPHELD_PEER_HIGH,8,7,"{""complaint_outcome"": {""cap"": 4, ""capped_points"": 4, ""uncapped_points"": 5}, ""context_rate"": {""cap"": 4, ""capped_points"": 3, ""uncapped_points"": 3}, ""timeliness"": {""cap"": 3, ""capped_points"": 0, ""uncapped_points"": 0}, ""volume_pressure"": {""cap"": 2, ""capped_points"": 0, ""uncapped_points"": 0}}",1,2,9,broad,priority_review,fca_complaint_early_warning_v2_candidate,analytical_candidate_pending_business_review,2,complaint_outcome|context_rate,CTX_PROVISION_PEER_HIGH|UPHELD_PEER_HIGH,199.0,215.0,0.9442,0.9442,8.13,,matched,,,,retain_priority_review,"Score 9 from 3 rules across 2 independent signal families (complaint_outcome|context_rate). Persistent rules: CTX_PROVISION_PEER_HIGH|UPHELD_PEER_HIGH. Multiple or reinforced signals support retaining priority-review status. This is prioritisation evidence, not a harm finding.",,,,,structured_analytical_review_v1,Codex,2026-07-20,pending_business_review
FRN:110462,2025-H2,2025-07-01 to 2025-12-31,insurance_and_pure_protection,ReAssure Life Limited,110462.0,2025-07-01,2025-12-31,7,2,2,OVER_8_WEEKS_HIGH|UPHELD_PEER_HIGH,6,6,"{""complaint_outcome"": {""cap"": 4, ""capped_points"": 3, ""uncapped_points"": 3}, ""context_rate"": {""cap"": 4, ""capped_points"": 0, ""uncapped_points"": 0}, ""timeliness"": {""cap"": 3, ""capped_points"": 3, ""uncapped_points"": 3}, ""volume_pressure"": {""cap"": 2, ""capped_points"": 0, ""uncapped_points"": 0}}",0,2,8,broad,priority_review,fca_complaint_early_warning_v2_candidate,analytical_candidate_pending_business_review,2,complaint_outcome|timeliness,OVER_8_WEEKS_HIGH|UPHELD_PEER_HIGH,315.0,310.0,0.8839,0.8904,7.49,,matched,,,,retain_priority_review_borderline,"Score 8 from 2 rules across 2 independent signal families (complaint_outcome|timeliness). Persistent rules: OVER_8_WEEKS_HIGH|UPHELD_PEER_HIGH. This is an exact-boundary case supported by two distinct families; retain for review but rank below stronger priority cases. This is prioritisation evidence, not a harm finding.",,,,,structured_analytical_review_v1,Codex,2026-07-20,pending_business_review
FRN:110481,2022-H1,2022-01-01 to 2022-06-30,decumulation_and_pensions,Phoenix Life CA Limited,110481.0,2022-01-01,2022-06-30,7,4,0,OPENED_EXCEPTIONAL_GROWTH|OVER_8_WEEKS_HIGH|UPHELD_DETERIORATION|UPHELD_PEER_HIGH,10,9,"{""complaint_outcome"": {""cap"": 4, ""capped_points"": 4, ""uncapped_points"": 5}, ""context_rate"": {""cap"": 4, ""capped_points"": 0, ""uncapped_points"": 0}, ""timeliness"": {""cap"": 3, ""capped_points"": 3, ""uncapped_points"": 3}, ""volume_pressure"": {""cap"": 2, ""capped_points"": 2, ""uncapped_points"": 2}}",1,0,9,broad,priority_review,fca_complaint_early_warning_v2_candidate,analytical_candidate_pending_business_review,3,complaint_outcome|timeliness|volume_pressure,,1110.0,738.0,0.8794,0.5622999999999999,2.82,,matched,,,,retain_priority_review,"Score 9 from 4 rules across 3 independent signal families (complaint_outcome|timeliness|volume_pressure). No rule persisted from the prior period. Multiple or reinforced signals support retaining priority-review status. This is prioritisation evidence, not a harm finding.",,,,,structured_analytical_review_v1,Codex,2026-07-20,pending_business_review
FRN:110481,2022-H1,2022-01-01 to 2022-06-30,insurance_and_pure_protection,Phoenix Life CA Limited,110481.0,2022-01-01,2022-06-30,7,4,1,CTX_PROVISION_DETERIORATION|OVER_8_WEEKS_HIGH|UPHELD_DETERIORATION|UPHELD_PEER_HIGH,10,9,"{""complaint_outcome"": {""cap"": 4, ""capped_points"": 4, ""uncapped_points"": 5}, ""context_rate"": {""cap"": 4, ""capped_points"": 2, ""uncapped_points"": 2}, ""timeliness"": {""cap"": 3, ""capped_points"": 3, ""uncapped_points"": 3}, ""volume_pressure"": {""cap"": 2, ""capped_points"": 0, ""uncapped_points"": 0}}",1,1,10,broad,priority_review,fca_complaint_early_warning_v2_candidate,analytical_candidate_pending_business_review,3,complaint_outcome|context_rate|timeliness,CTX_PROVISION_DETERIORATION,846.0,609.0,0.9015,0.5073000000000001,10.0,,matched,,,,retain_priority_review,"Score 10 from 4 rules across 3 independent signal families (complaint_outcome|context_rate|timeliness). Persistent rules: CTX_PROVISION_DETERIORATION. Multiple or reinforced signals support retaining priority-review status. This is prioritisation evidence, not a harm finding.",,,,,structured_analytical_review_v1,Codex,2026-07-20,pending_business_review
FRN:110481,2022-H1,2022-01-01 to 2022-06-30,investments,Phoenix Life CA Limited,110481.0,2022-01-01,2022-06-30,6,5,1,CTX_PROVISION_DETERIORATION|CTX_PROVISION_PEER_HIGH|OPENED_EXCEPTIONAL_GROWTH|UPHELD_DETERIORATION|UPHELD_PEER_HIGH,12,10,"{""complaint_outcome"": {""cap"": 4, ""capped_points"": 4, ""uncapped_points"": 5}, ""context_rate"": {""cap"": 4, ""capped_points"": 4, ""uncapped_points"": 5}, ""timeliness"": {""cap"": 3, ""capped_points"": 0, ""uncapped_points"": 0}, ""volume_pressure"": {""cap"": 2, ""capped_points"": 2, ""uncapped_points"": 2}}",2,1,11,broad,priority_review,fca_complaint_early_warning_v2_candidate,analytical_candidate_pending_business_review,3,complaint_outcome|context_rate|volume_pressure,CTX_PROVISION_PEER_HIGH,216.0,149.0,0.8658,,17.87,,matched,,,,retain_priority_review,"Score 11 from 5 rules across 3 independent signal families (complaint_outcome|context_rate|volume_pressure). Persistent rules: CTX_PROVISION_PEER_HIGH. Multiple or reinforced signals support retaining priority-review status. This is prioritisation evidence, not a harm finding.",,,,,structured_analytical_review_v1,Codex,2026-07-20,pending_business_review
FRN:110481,2022-H2,2022-07-01 to 2022-12-31,insurance_and_pure_protection,Phoenix Life CA Limited,110481.0,2022-07-01,2022-12-31,7,3,2,CTX_PROVISION_PEER_HIGH|OVER_8_WEEKS_HIGH|UPHELD_PEER_HIGH,9,9,"{""complaint_outcome"": {""cap"": 4, ""capped_points"": 3, ""uncapped_points"": 3}, ""context_rate"": {""cap"": 4, ""capped_points"": 3, ""uncapped_points"": 3}, ""timeliness"": {""cap"": 3, ""capped_points"": 3, ""uncapped_points"": 3}, ""volume_pressure"": {""cap"": 2, ""capped_points"": 0, ""uncapped_points"": 0}}",0,2,11,broad,priority_review,fca_complaint_early_warning_v2_candidate,analytical_candidate_pending_business_review,3,complaint_outcome|context_rate|timeliness,OVER_8_WEEKS_HIGH|UPHELD_PEER_HIGH,810.0,809.0,0.8912,0.4288999999999999,10.27,,matched,,,,retain_priority_review,"Score 11 from 3 rules across 3 independent signal families (complaint_outcome|context_rate|timeliness). Persistent rules: OVER_8_WEEKS_HIGH|UPHELD_PEER_HIGH. Multiple or reinforced signals support retaining priority-review status. This is prioritisation evidence, not a harm finding.",,,,,structured_analytical_review_v1,Codex,2026-07-20,pending_business_review
FRN:110481,2022-H2,2022-07-01 to 2022-12-31,investments,Phoenix Life CA Limited,110481.0,2022-07-01,2022-12-31,7,3,2,CTX_PROVISION_PEER_HIGH|OVER_8_WEEKS_HIGH|UPHELD_PEER_HIGH,9,9,"{""complaint_outcome"": {""cap"": 4, ""capped_points"": 3, ""uncapped_points"": 3}, ""context_rate"": {""cap"": 4, ""capped_points"": 3, ""uncapped_points"": 3}, ""timeliness"": {""cap"": 3, ""capped_points"": 3, ""uncapped_points"": 3}, ""volume_pressure"": {""cap"": 2, ""capped_points"": 0, ""uncapped_points"": 0}}",0,2,11,broad,priority_review,fca_complaint_early_warning_v2_candidate,analytical_candidate_pending_business_review,3,complaint_outcome|context_rate|timeliness,CTX_PROVISION_PEER_HIGH|UPHELD_PEER_HIGH,175.0,203.0,0.867,0.4236999999999999,15.48,,matched,,,,retain_priority_review,"Score 11 from 3 rules across 3 independent signal families (complaint_outcome|context_rate|timeliness). Persistent rules: CTX_PROVISION_PEER_HIGH|UPHELD_PEER_HIGH. Multiple or reinforced signals support retaining priority-review status. This is prioritisation evidence, not a harm finding.",,,,,structured_analytical_review_v1,Codex,2026-07-20,pending_business_review
FRN:110481,2023-H1,2023-01-01 to 2023-06-30,insurance_and_pure_protection,Phoenix Life CA Limited,110481.0,2023-01-01,2023-06-30,7,2,2,OVER_8_WEEKS_HIGH|UPHELD_PEER_HIGH,6,6,"{""complaint_outcome"": {""cap"": 4, ""capped_points"": 3, ""uncapped_points"": 3}, ""context_rate"": {""cap"": 4, ""capped_points"": 0, ""uncapped_points"": 0}, ""timeliness"": {""cap"": 3, ""capped_points"": 3, ""uncapped_points"": 3}, ""volume_pressure"": {""cap"": 2, ""capped_points"": 0, ""uncapped_points"": 0}}",0,2,8,broad,priority_review,fca_complaint_early_warning_v2_candidate,analytical_candidate_pending_business_review,2,complaint_outcome|timeliness,OVER_8_WEEKS_HIGH|UPHELD_PEER_HIGH,769.0,978.0,0.8496932515337423,0.7300613496932515,9.75,,matched,,,,retain_priority_review_borderline,"Score 8 from 2 rules across 2 independent signal families (complaint_outcome|timeliness). Persistent rules: OVER_8_WEEKS_HIGH|UPHELD_PEER_HIGH. This is an exact-boundary case supported by two distinct families; retain for review but rank below stronger priority cases. This is prioritisation evidence, not a harm finding.",,,,,structured_analytical_review_v1,Codex,2026-07-20,pending_business_review
FRN:110481,2023-H1,2023-01-01 to 2023-06-30,investments,Phoenix Life CA Limited,110481.0,2023-01-01,2023-06-30,7,2,2,CTX_PROVISION_PEER_HIGH|OVER_8_WEEKS_HIGH,6,6,"{""complaint_outcome"": {""cap"": 4, ""capped_points"": 0, ""uncapped_points"": 0}, ""context_rate"": {""cap"": 4, ""capped_points"": 3, ""uncapped_points"": 3}, ""timeliness"": {""cap"": 3, ""capped_points"": 3, ""uncapped_points"": 3}, ""volume_pressure"": {""cap"": 2, ""capped_points"": 0, ""uncapped_points"": 0}}",0,2,8,broad,priority_review,fca_complaint_early_warning_v2_candidate,analytical_candidate_pending_business_review,2,context_rate|timeliness,CTX_PROVISION_PEER_HIGH|OVER_8_WEEKS_HIGH,177.0,227.0,0.7709251101321586,0.7356828193832599,15.66,,matched,,,,retain_priority_review_borderline,"Score 8 from 2 rules across 2 independent signal families (context_rate|timeliness). Persistent rules: CTX_PROVISION_PEER_HIGH|OVER_8_WEEKS_HIGH. This is an exact-boundary case supported by two distinct families; retain for review but rank below stronger priority cases. This is prioritisation evidence, not a harm finding.",,,,,structured_analytical_review_v1,Codex,2026-07-20,pending_business_review
FRN:110873,2024-H1,2024-01-01 to 2024-06-30,investments,Wesleyan Assurance Society,110873.0,2024-01-01,2024-06-30,7,3,1,CTX_PROVISION_DETERIORATION|CTX_PROVISION_PEER_HIGH|UPHELD_PEER_HIGH,8,7,"{""complaint_outcome"": {""cap"": 4, ""capped_points"": 3, ""uncapped_points"": 3}, ""context_rate"": {""cap"": 4, ""capped_points"": 4, ""uncapped_points"": 5}, ""timeliness"": {""cap"": 3, ""capped_points"": 0, ""uncapped_points"": 0}, ""volume_pressure"": {""cap"": 2, ""capped_points"": 0, ""uncapped_points"": 0}}",1,1,8,broad,priority_review,fca_complaint_early_warning_v2_candidate,analytical_candidate_pending_business_review,2,complaint_outcome|context_rate,UPHELD_PEER_HIGH,395.0,415.0,0.8747,0.9759,6.59,140.32,matched,,,,retain_priority_review_borderline,"Score 8 from 3 rules across 2 independent signal families (complaint_outcome|context_rate). Persistent rules: UPHELD_PEER_HIGH. This is an exact-boundary case supported by two distinct families; retain for review but rank below stronger priority cases. This is prioritisation evidence, not a harm finding.",,,,,structured_analytical_review_v1,Codex,2026-07-20,pending_business_review
FRN:114432,2023-H2,2023-07-01 to 2023-12-31,decumulation_and_pensions,Investment Funds Direct Limited,114432.0,2023-07-01,2023-12-31,7,5,0,CTX_PROVISION_DETERIORATION|CTX_PROVISION_PEER_HIGH|OVER_8_WEEKS_HIGH|UPHELD_DETERIORATION|UPHELD_PEER_HIGH,13,11,"{""complaint_outcome"": {""cap"": 4, ""capped_points"": 4, ""uncapped_points"": 5}, ""context_rate"": {""cap"": 4, ""capped_points"": 4, ""uncapped_points"": 5}, ""timeliness"": {""cap"": 3, ""capped_points"": 3, ""uncapped_points"": 3}, ""volume_pressure"": {""cap"": 2, ""capped_points"": 0, ""uncapped_points"": 0}}",2,0,11,broad,priority_review,fca_complaint_early_warning_v2_candidate,analytical_candidate_pending_business_review,3,complaint_outcome|context_rate|timeliness,,400.0,362.0,0.8895,0.6381,4.73,,matched,,,,retain_priority_review,"Score 11 from 5 rules across 3 independent signal families (complaint_outcome|context_rate|timeliness). No rule persisted from the prior period. Multiple or reinforced signals support retaining priority-review status. This is prioritisation evidence, not a harm finding.",,,,,structured_analytical_review_v1,Codex,2026-07-20,pending_business_review
FRN:114432,2023-H2,2023-07-01 to 2023-12-31,investments,Investment Funds Direct Limited,114432.0,2023-07-01,2023-12-31,7,3,1,OVER_8_WEEKS_HIGH|UPHELD_DETERIORATION|UPHELD_PEER_HIGH,8,7,"{""complaint_outcome"": {""cap"": 4, ""capped_points"": 4, ""uncapped_points"": 5}, ""context_rate"": {""cap"": 4, ""capped_points"": 0, ""uncapped_points"": 0}, ""timeliness"": {""cap"": 3, ""capped_points"": 3, ""uncapped_points"": 3}, ""volume_pressure"": {""cap"": 2, ""capped_points"": 0, ""uncapped_points"": 0}}",1,1,8,broad,priority_review,fca_complaint_early_warning_v2_candidate,analytical_candidate_pending_business_review,2,complaint_outcome|timeliness,OVER_8_WEEKS_HIGH,385.0,374.0,0.8797,0.6658,2.86,,matched,,,,retain_priority_review_borderline,"Score 8 from 3 rules across 2 independent signal families (complaint_outcome|timeliness). Persistent rules: OVER_8_WEEKS_HIGH. This is an exact-boundary case supported by two distinct families; retain for review but rank below stronger priority cases. This is prioritisation evidence, not a harm finding.",,,,,structured_analytical_review_v1,Codex,2026-07-20,pending_business_review
FRN:114432,2024-H1,2024-01-01 to 2024-06-30,decumulation_and_pensions,Investment Funds Direct Limited,114432.0,2024-01-01,2024-06-30,7,2,2,OVER_8_WEEKS_HIGH|UPHELD_PEER_HIGH,6,6,"{""complaint_outcome"": {""cap"": 4, ""capped_points"": 3, ""uncapped_points"": 3}, ""context_rate"": {""cap"": 4, ""capped_points"": 0, ""uncapped_points"": 0}, ""timeliness"": {""cap"": 3, ""capped_points"": 3, ""uncapped_points"": 3}, ""volume_pressure"": {""cap"": 2, ""capped_points"": 0, ""uncapped_points"": 0}}",0,2,8,broad,priority_review,fca_complaint_early_warning_v2_candidate,analytical_candidate_pending_business_review,2,complaint_outcome|timeliness,OVER_8_WEEKS_HIGH|UPHELD_PEER_HIGH,286.0,375.0,0.8933,0.6453,3.34,,matched,,,,retain_priority_review_borderline,"Score 8 from 2 rules across 2 independent signal families (complaint_outcome|timeliness). Persistent rules: OVER_8_WEEKS_HIGH|UPHELD_PEER_HIGH. This is an exact-boundary case supported by two distinct families; retain for review but rank below stronger priority cases. This is prioritisation evidence, not a harm finding.",,,,,structured_analytical_review_v1,Codex,2026-07-20,pending_business_review
FRN:114432,2024-H1,2024-01-01 to 2024-06-30,investments,Investment Funds Direct Limited,114432.0,2024-01-01,2024-06-30,7,2,2,OVER_8_WEEKS_HIGH|UPHELD_PEER_HIGH,6,6,"{""complaint_outcome"": {""cap"": 4, ""capped_points"": 3, ""uncapped_points"": 3}, ""context_rate"": {""cap"": 4, ""capped_points"": 0, ""uncapped_points"": 0}, ""timeliness"": {""cap"": 3, ""capped_points"": 3, ""uncapped_points"": 3}, ""volume_pressure"": {""cap"": 2, ""capped_points"": 0, ""uncapped_points"": 0}}",0,2,8,broad,priority_review,fca_complaint_early_warning_v2_candidate,analytical_candidate_pending_business_review,2,complaint_outcome|timeliness,OVER_8_WEEKS_HIGH|UPHELD_PEER_HIGH,320.0,396.0,0.8687,0.6061,2.35,,matched,,,,retain_priority_review_borderline,"Score 8 from 2 rules across 2 independent signal families (complaint_outcome|timeliness). Persistent rules: OVER_8_WEEKS_HIGH|UPHELD_PEER_HIGH. This is an exact-boundary case supported by two distinct families; retain for review but rank below stronger priority cases. This is prioritisation evidence, not a harm finding.",,,,,structured_analytical_review_v1,Codex,2026-07-20,pending_business_review
FRN:114724,2021-H2,2021-07-01 to 2021-12-31,home_finance,The Royal Bank of Scotland Plc,114724.0,2021-07-01,2021-12-31,7,2,2,OVER_8_WEEKS_HIGH|UPHELD_PEER_HIGH,6,6,"{""complaint_outcome"": {""cap"": 4, ""capped_points"": 3, ""uncapped_points"": 3}, ""context_rate"": {""cap"": 4, ""capped_points"": 0, ""uncapped_points"": 0}, ""timeliness"": {""cap"": 3, ""capped_points"": 3, ""uncapped_points"": 3}, ""volume_pressure"": {""cap"": 2, ""capped_points"": 0, ""uncapped_points"": 0}}",0,2,8,broad,priority_review,fca_complaint_early_warning_v2_candidate,analytical_candidate_pending_business_review,2,complaint_outcome|timeliness,OVER_8_WEEKS_HIGH|UPHELD_PEER_HIGH,1653.0,1825.0,0.787,0.847,7.99,,matched,,,,retain_priority_review_borderline,"Score 8 from 2 rules across 2 independent signal families (complaint_outcome|timeliness). Persistent rules: OVER_8_WEEKS_HIGH|UPHELD_PEER_HIGH. This is an exact-boundary case supported by two distinct families; retain for review but rank below stronger priority cases. This is prioritisation evidence, not a harm finding.",,,,,structured_analytical_review_v1,Codex,2026-07-20,pending_business_review
FRN:117667,2023-H1,2023-01-01 to 2023-06-30,decumulation_and_pensions,Phoenix Life Assurance Limited,117667.0,2023-01-01,2023-06-30,7,2,2,CTX_PROVISION_PEER_HIGH|OVER_8_WEEKS_HIGH,6,6,"{""complaint_outcome"": {""cap"": 4, ""capped_points"": 0, ""uncapped_points"": 0}, ""context_rate"": {""cap"": 4, ""capped_points"": 3, ""uncapped_points"": 3}, ""timeliness"": {""cap"": 3, ""capped_points"": 3, ""uncapped_points"": 3}, ""volume_pressure"": {""cap"": 2, ""capped_points"": 0, ""uncapped_points"": 0}}",0,2,8,broad,priority_review,fca_complaint_early_warning_v2_candidate,analytical_candidate_pending_business_review,2,context_rate|timeliness,CTX_PROVISION_PEER_HIGH|OVER_8_WEEKS_HIGH,1987.0,2556.0,0.7679968701095462,0.5410798122065726,3.98,,matched,,,,retain_priority_review_borderline,"Score 8 from 2 rules across 2 independent signal families (context_rate|timeliness). Persistent rules: CTX_PROVISION_PEER_HIGH|OVER_8_WEEKS_HIGH. This is an exact-boundary case supported by two distinct families; retain for review but rank below stronger priority cases. This is prioritisation evidence, not a harm finding.",,,,,structured_analytical_review_v1,Codex,2026-07-20,pending_business_review
FRN:117667,2023-H1,2023-01-01 to 2023-06-30,insurance_and_pure_protection,Phoenix Life Assurance Limited,117667.0,2023-01-01,2023-06-30,7,3,1,OVER_8_WEEKS_HIGH|UPHELD_DETERIORATION|UPHELD_PEER_HIGH,8,7,"{""complaint_outcome"": {""cap"": 4, ""capped_points"": 4, ""uncapped_points"": 5}, ""context_rate"": {""cap"": 4, ""capped_points"": 0, ""uncapped_points"": 0}, ""timeliness"": {""cap"": 3, ""capped_points"": 3, ""uncapped_points"": 3}, ""volume_pressure"": {""cap"": 2, ""capped_points"": 0, ""uncapped_points"": 0}}",1,1,8,broad,priority_review,fca_complaint_early_warning_v2_candidate,analytical_candidate_pending_business_review,2,complaint_outcome|timeliness,OVER_8_WEEKS_HIGH,260.0,239.0,0.7698744769874477,0.6694560669456067,2.16,,matched,,,,retain_priority_review_borderline,"Score 8 from 3 rules across 2 independent signal families (complaint_outcome|timeliness). Persistent rules: OVER_8_WEEKS_HIGH. This is an exact-boundary case supported by two distinct families; retain for review but rank below stronger priority cases. This is prioritisation evidence, not a harm finding.",,,,,structured_analytical_review_v1,Codex,2026-07-20,pending_business_review
FRN:117667,2023-H1,2023-01-01 to 2023-06-30,investments,Phoenix Life Assurance Limited,117667.0,2023-01-01,2023-06-30,7,3,1,CTX_PROVISION_DETERIORATION|OVER_8_WEEKS_HIGH|UPHELD_DETERIORATION,7,7,"{""complaint_outcome"": {""cap"": 4, ""capped_points"": 2, ""uncapped_points"": 2}, ""context_rate"": {""cap"": 4, ""capped_points"": 2, ""uncapped_points"": 2}, ""timeliness"": {""cap"": 3, ""capped_points"": 3, ""uncapped_points"": 3}, ""volume_pressure"": {""cap"": 2, ""capped_points"": 0, ""uncapped_points"": 0}}",0,1,8,broad,priority_review,fca_complaint_early_warning_v2_candidate,analytical_candidate_pending_business_review,3,complaint_outcome|context_rate|timeliness,OVER_8_WEEKS_HIGH,121.0,130.0,0.8615384615384616,0.5846153846153845,3.21,,matched,,,,retain_priority_review,"Score 8 from 3 rules across 3 independent signal families (complaint_outcome|context_rate|timeliness). Persistent rules: OVER_8_WEEKS_HIGH. Multiple or reinforced signals support retaining priority-review status. This is prioritisation evidence, not a harm finding.",,,,,structured_analytical_review_v1,Codex,2026-07-20,pending_business_review
FRN:117667,2023-H2,2023-07-01 to 2023-12-31,investments,Phoenix Life Assurance Limited,117667.0,2023-07-01,2023-12-31,7,3,2,OVER_8_WEEKS_HIGH|UPHELD_DETERIORATION|UPHELD_PEER_HIGH,8,7,"{""complaint_outcome"": {""cap"": 4, ""capped_points"": 4, ""uncapped_points"": 5}, ""context_rate"": {""cap"": 4, ""capped_points"": 0, ""uncapped_points"": 0}, ""timeliness"": {""cap"": 3, ""capped_points"": 3, ""uncapped_points"": 3}, ""volume_pressure"": {""cap"": 2, ""capped_points"": 0, ""uncapped_points"": 0}}",1,2,9,broad,priority_review,fca_complaint_early_warning_v2_candidate,analytical_candidate_pending_business_review,2,complaint_outcome|timeliness,OVER_8_WEEKS_HIGH|UPHELD_DETERIORATION,73.0,92.0,0.9457,0.7826000000000001,1.98,,matched,,,,retain_priority_review,"Score 9 from 3 rules across 2 independent signal families (complaint_outcome|timeliness). Persistent rules: OVER_8_WEEKS_HIGH|UPHELD_DETERIORATION. Multiple or reinforced signals support retaining priority-review status. This is prioritisation evidence, not a harm finding.",,,,,structured_analytical_review_v1,Codex,2026-07-20,pending_business_review
FRN:120820,2025-H2,2025-07-01 to 2025-12-31,decumulation_and_pensions,Embark Services Limited,120820.0,2025-07-01,2025-12-31,7,5,2,CTX_PROVISION_DETERIORATION|CTX_PROVISION_PEER_HIGH|OVER_8_WEEKS_HIGH|UPHELD_DETERIORATION|UPHELD_PEER_HIGH,13,11,"{""complaint_outcome"": {""cap"": 4, ""capped_points"": 4, ""uncapped_points"": 5}, ""context_rate"": {""cap"": 4, ""capped_points"": 4, ""uncapped_points"": 5}, ""timeliness"": {""cap"": 3, ""capped_points"": 3, ""uncapped_points"": 3}, ""volume_pressure"": {""cap"": 2, ""capped_points"": 0, ""uncapped_points"": 0}}",2,2,13,broad,priority_review,fca_complaint_early_warning_v2_candidate,analytical_candidate_pending_business_review,3,complaint_outcome|context_rate|timeliness,CTX_PROVISION_PEER_HIGH|OVER_8_WEEKS_HIGH,730.0,432.0,0.9167,0.3542,14.23,,matched,coherent_priority_case,"Independent context-rate, upheld-outcome and timeliness signals trigger; context and timeliness are persistent. Source-window comparison is available. Appropriate for investigation, not a misconduct conclusion.",,retain_priority_review,"Score 13 from 5 rules across 3 independent signal families (complaint_outcome|context_rate|timeliness). Persistent rules: CTX_PROVISION_PEER_HIGH|OVER_8_WEEKS_HIGH. Multiple or reinforced signals support retaining priority-review status. This is prioritisation evidence, not a harm finding.",,,,,structured_analytical_review_v1,Codex,2026-07-20,pending_business_review
FRN:121873,2021-H2,2021-04-01 to 2021-09-30,insurance_and_pure_protection,Clydesdale Bank Plc,121873.0,2021-04-01,2021-09-30,8,4,2,CTX_PROVISION_PEER_HIGH|OVER_8_WEEKS_HIGH|UPHELD_DETERIORATION|UPHELD_PEER_HIGH,11,10,"{""complaint_outcome"": {""cap"": 4, ""capped_points"": 4, ""uncapped_points"": 5}, ""context_rate"": {""cap"": 4, ""capped_points"": 3, ""uncapped_points"": 3}, ""timeliness"": {""cap"": 3, ""capped_points"": 3, ""uncapped_points"": 3}, ""volume_pressure"": {""cap"": 2, ""capped_points"": 0, ""uncapped_points"": 0}}",1,2,12,broad,priority_review,fca_complaint_early_warning_v2_candidate,analytical_candidate_pending_business_review,3,complaint_outcome|context_rate|timeliness,CTX_PROVISION_PEER_HIGH|OVER_8_WEEKS_HIGH,746.0,1209.0,0.83,0.625,9.18,0.0,matched,,,,retain_priority_review,"Score 12 from 4 rules across 3 independent signal families (complaint_outcome|context_rate|timeliness). Persistent rules: CTX_PROVISION_PEER_HIGH|OVER_8_WEEKS_HIGH. Multiple or reinforced signals support retaining priority-review status. This is prioritisation evidence, not a harm finding.",,,,,structured_analytical_review_v1,Codex,2026-07-20,pending_business_review
FRN:121873,2022-H1,2021-10-01 to 2022-03-31,banking_and_credit_cards,Clydesdale Bank Plc,121873.0,2021-10-01,2022-03-31,7,2,2,OVER_8_WEEKS_HIGH|UPHELD_PEER_HIGH,6,6,"{""complaint_outcome"": {""cap"": 4, ""capped_points"": 3, ""uncapped_points"": 3}, ""context_rate"": {""cap"": 4, ""capped_points"": 0, ""uncapped_points"": 0}, ""timeliness"": {""cap"": 3, ""capped_points"": 3, ""uncapped_points"": 3}, ""volume_pressure"": {""cap"": 2, ""capped_points"": 0, ""uncapped_points"": 0}}",0,2,8,broad,priority_review,fca_complaint_early_warning_v2_candidate,analytical_candidate_pending_business_review,2,complaint_outcome|timeliness,OVER_8_WEEKS_HIGH|UPHELD_PEER_HIGH,28395.0,23802.0,0.762,0.6748000000000001,3.67,,matched,,,,retain_priority_review_borderline,"Score 8 from 2 rules across 2 independent signal families (complaint_outcome|timeliness). Persistent rules: OVER_8_WEEKS_HIGH|UPHELD_PEER_HIGH. This is an exact-boundary case supported by two distinct families; retain for review but rank below stronger priority cases. This is prioritisation evidence, not a harm finding.",,,,,structured_analytical_review_v1,Codex,2026-07-20,pending_business_review
FRN:121873,2022-H2,2022-04-01 to 2022-09-30,banking_and_credit_cards,Clydesdale Bank Plc,121873.0,2022-04-01,2022-09-30,7,2,2,OVER_8_WEEKS_HIGH|UPHELD_PEER_HIGH,6,6,"{""complaint_outcome"": {""cap"": 4, ""capped_points"": 3, ""uncapped_points"": 3}, ""context_rate"": {""cap"": 4, ""capped_points"": 0, ""uncapped_points"": 0}, ""timeliness"": {""cap"": 3, ""capped_points"": 3, ""uncapped_points"": 3}, ""volume_pressure"": {""cap"": 2, ""capped_points"": 0, ""uncapped_points"": 0}}",0,2,8,broad,priority_review,fca_complaint_early_warning_v2_candidate,analytical_candidate_pending_business_review,2,complaint_outcome|timeliness,OVER_8_WEEKS_HIGH|UPHELD_PEER_HIGH,32429.0,26165.0,0.7952,0.6416999999999999,4.08,,matched,,,,retain_priority_review_borderline,"Score 8 from 2 rules across 2 independent signal families (complaint_outcome|timeliness). Persistent rules: OVER_8_WEEKS_HIGH|UPHELD_PEER_HIGH. This is an exact-boundary case supported by two distinct families; retain for review but rank below stronger priority cases. This is prioritisation evidence, not a harm finding.",,,,,structured_analytical_review_v1,Codex,2026-07-20,pending_business_review
FRN:121873,2023-H1,2022-10-01 to 2023-03-31,banking_and_credit_cards,Clydesdale Bank Plc,121873.0,2022-10-01,2023-03-31,7,2,2,OVER_8_WEEKS_HIGH|UPHELD_PEER_HIGH,6,6,"{""complaint_outcome"": {""cap"": 4, ""capped_points"": 3, ""uncapped_points"": 3}, ""context_rate"": {""cap"": 4, ""capped_points"": 0, ""uncapped_points"": 0}, ""timeliness"": {""cap"": 3, ""capped_points"": 3, ""uncapped_points"": 3}, ""volume_pressure"": {""cap"": 2, ""capped_points"": 0, ""uncapped_points"": 0}}",0,2,8,broad,priority_review,fca_complaint_early_warning_v2_candidate,analytical_candidate_pending_business_review,2,complaint_outcome|timeliness,OVER_8_WEEKS_HIGH|UPHELD_PEER_HIGH,32150.0,43800.0,0.8040867579908676,0.5360045662100457,3.94,,matched,,,,retain_priority_review_borderline,"Score 8 from 2 rules across 2 independent signal families (complaint_outcome|timeliness). Persistent rules: OVER_8_WEEKS_HIGH|UPHELD_PEER_HIGH. This is an exact-boundary case supported by two distinct families; retain for review but rank below stronger priority cases. This is prioritisation evidence, not a harm finding.",,,,,structured_analytical_review_v1,Codex,2026-07-20,pending_business_review
FRN:121873,2023-H1,2022-10-01 to 2023-03-31,home_finance,Clydesdale Bank Plc,121873.0,2022-10-01,2023-03-31,7,3,1,OVER_8_WEEKS_HIGH|UPHELD_DETERIORATION|UPHELD_PEER_HIGH,8,7,"{""complaint_outcome"": {""cap"": 4, ""capped_points"": 4, ""uncapped_points"": 5}, ""context_rate"": {""cap"": 4, ""capped_points"": 0, ""uncapped_points"": 0}, ""timeliness"": {""cap"": 3, ""capped_points"": 3, ""uncapped_points"": 3}, ""volume_pressure"": {""cap"": 2, ""capped_points"": 0, ""uncapped_points"": 0}}",1,1,8,broad,priority_review,fca_complaint_early_warning_v2_candidate,analytical_candidate_pending_business_review,2,complaint_outcome|timeliness,OVER_8_WEEKS_HIGH,2144.0,2919.0,0.8126070572113737,0.2970195272353545,6.14,0.0,matched,,,,retain_priority_review_borderline,"Score 8 from 3 rules across 2 independent signal families (complaint_outcome|timeliness). Persistent rules: OVER_8_WEEKS_HIGH. This is an exact-boundary case supported by two distinct families; retain for review but rank below stronger priority cases. This is prioritisation evidence, not a harm finding.",,,,,structured_analytical_review_v1,Codex,2026-07-20,pending_business_review
FRN:121885,2024-H1,2024-01-01 to 2024-06-30,home_finance,THE CO-OPERATIVE BANK P.L.C.,121885.0,2024-01-01,2024-06-30,7,6,2,CTX_PROVISION_DETERIORATION|CTX_PROVISION_PEER_HIGH|OPENED_VOLUME_PRESSURE|OVER_8_WEEKS_HIGH|UPHELD_DETERIORATION|UPHELD_PEER_HIGH,14,12,"{""complaint_outcome"": {""cap"": 4, ""capped_points"": 4, ""uncapped_points"": 5}, ""context_rate"": {""cap"": 4, ""capped_points"": 4, ""uncapped_points"": 5}, ""timeliness"": {""cap"": 3, ""capped_points"": 3, ""uncapped_points"": 3}, ""volume_pressure"": {""cap"": 2, ""capped_points"": 1, ""uncapped_points"": 1}}",2,2,14,broad,priority_review,fca_complaint_early_warning_v2_candidate,analytical_candidate_pending_business_review,4,complaint_outcome|context_rate|timeliness|volume_pressure,OVER_8_WEEKS_HIGH|UPHELD_DETERIORATION,3548.0,3051.0,0.821,0.63,25.78,,matched,,,,retain_priority_review,"Score 14 from 6 rules across 4 independent signal families (complaint_outcome|context_rate|timeliness|volume_pressure). Persistent rules: OVER_8_WEEKS_HIGH|UPHELD_DETERIORATION. Multiple or reinforced signals support retaining priority-review status. This is prioritisation evidence, not a harm finding.",,,,,structured_analytical_review_v1,Codex,2026-07-20,pending_business_review
FRN:121885,2024-H2,2024-07-01 to 2024-12-31,home_finance,THE CO-OPERATIVE BANK P.L.C.,121885.0,2024-07-01,2024-12-31,7,2,2,OVER_8_WEEKS_HIGH|UPHELD_PEER_HIGH,6,6,"{""complaint_outcome"": {""cap"": 4, ""capped_points"": 3, ""uncapped_points"": 3}, ""context_rate"": {""cap"": 4, ""capped_points"": 0, ""uncapped_points"": 0}, ""timeliness"": {""cap"": 3, ""capped_points"": 3, ""uncapped_points"": 3}, ""volume_pressure"": {""cap"": 2, ""capped_points"": 0, ""uncapped_points"": 0}}",0,2,8,broad,priority_review,fca_complaint_early_warning_v2_candidate,analytical_candidate_pending_business_review,2,complaint_outcome|timeliness,OVER_8_WEEKS_HIGH|UPHELD_PEER_HIGH,2402.0,3215.0,0.7751,0.7165999999999999,17.03,,matched,,,,retain_priority_review_borderline,"Score 8 from 2 rules across 2 independent signal families (complaint_outcome|timeliness). Persistent rules: OVER_8_WEEKS_HIGH|UPHELD_PEER_HIGH. This is an exact-boundary case supported by two distinct families; retain for review but rank below stronger priority cases. This is prioritisation evidence, not a harm finding.",,,,,structured_analytical_review_v1,Codex,2026-07-20,pending_business_review
FRN:122139,2022-H1,2022-01-01 to 2022-06-30,investments,RBS Collective Investment Funds Limited,122139.0,2022-01-01,2022-06-30,7,4,0,OPENED_VOLUME_PRESSURE|OVER_8_WEEKS_HIGH|UPHELD_DETERIORATION|UPHELD_PEER_HIGH,9,8,"{""complaint_outcome"": {""cap"": 4, ""capped_points"": 4, ""uncapped_points"": 5}, ""context_rate"": {""cap"": 4, ""capped_points"": 0, ""uncapped_points"": 0}, ""timeliness"": {""cap"": 3, ""capped_points"": 3, ""uncapped_points"": 3}, ""volume_pressure"": {""cap"": 2, ""capped_points"": 1, ""uncapped_points"": 1}}",1,0,8,broad,priority_review,fca_complaint_early_warning_v2_candidate,analytical_candidate_pending_business_review,3,complaint_outcome|timeliness|volume_pressure,,2621.0,1493.0,0.8232,0.4622,3.34,,matched,,,,retain_priority_review,"Score 8 from 4 rules across 3 independent signal families (complaint_outcome|timeliness|volume_pressure). No rule persisted from the prior period. Multiple or reinforced signals support retaining priority-review status. This is prioritisation evidence, not a harm finding.",,,,,structured_analytical_review_v1,Codex,2026-07-20,pending_business_review
FRN:122287,2022-H2,2022-07-01 to 2022-12-31,home_finance,Coutts & Company,122287.0,2022-07-01,2022-12-31,7,3,1,CTX_PROVISION_DETERIORATION|OVER_8_WEEKS_HIGH|UPHELD_DETERIORATION,7,7,"{""complaint_outcome"": {""cap"": 4, ""capped_points"": 2, ""uncapped_points"": 2}, ""context_rate"": {""cap"": 4, ""capped_points"": 2, ""uncapped_points"": 2}, ""timeliness"": {""cap"": 3, ""capped_points"": 3, ""uncapped_points"": 3}, ""volume_pressure"": {""cap"": 2, ""capped_points"": 0, ""uncapped_points"": 0}}",0,1,8,broad,priority_review,fca_complaint_early_warning_v2_candidate,analytical_candidate_pending_business_review,3,complaint_outcome|context_rate|timeliness,OVER_8_WEEKS_HIGH,180.0,165.0,0.7152,0.697,14.07,,matched,,,,retain_priority_review,"Score 8 from 3 rules across 3 independent signal families (complaint_outcome|context_rate|timeliness). Persistent rules: OVER_8_WEEKS_HIGH. Multiple or reinforced signals support retaining priority-review status. This is prioritisation evidence, not a harm finding.",,,,,structured_analytical_review_v1,Codex,2026-07-20,pending_business_review
FRN:122287,2025-H2,2025-07-01 to 2025-12-31,decumulation_and_pensions,Coutts & Company,122287.0,2025-07-01,2025-12-31,7,4,0,CTX_PROVISION_DETERIORATION|OVER_8_WEEKS_HIGH|UPHELD_DETERIORATION|UPHELD_PEER_HIGH,10,9,"{""complaint_outcome"": {""cap"": 4, ""capped_points"": 4, ""uncapped_points"": 5}, ""context_rate"": {""cap"": 4, ""capped_points"": 2, ""uncapped_points"": 2}, ""timeliness"": {""cap"": 3, ""capped_points"": 3, ""uncapped_points"": 3}, ""volume_pressure"": {""cap"": 2, ""capped_points"": 0, ""uncapped_points"": 0}}",1,0,9,broad,priority_review,fca_complaint_early_warning_v2_candidate,analytical_candidate_pending_business_review,3,complaint_outcome|context_rate|timeliness,,23.0,20.0,0.9,0.75,4.84,,matched,coherent_priority_case,"Timeliness and upheld-outcome signals combine with material provision-rate and upheld deterioration. Opened volume is small, so denominator context should be checked during investigation.",low_closed_denominator_20_to_49,retain_priority_review_with_statistical_caveat,"Score 9 from 4 rules across 3 independent signal families (complaint_outcome|context_rate|timeliness). No rule persisted from the prior period. Keep in the priority queue, but verify low_closed_denominator_20_to_49 against the source workbook and definitions before relying on the score. This is prioritisation evidence, not a harm finding. Source-check resolution: Workbook confirms 23 opened, 20 closed, 90% upheld, 75% closed after 3 days within 8 weeks and context rate 4.84. Values are correctly extracted; retain small-denominator caveat.",resolved_with_caveat,retain_priority_review_with_statistical_caveat,"Workbook confirms 23 opened, 20 closed, 90% upheld, 75% closed after 3 days within 8 weeks and context rate 4.84. Values are correctly extracted; retain small-denominator caveat.","firm-level-complaints-data-2025-h2.xlsx: Opened!F67; Closed!F67; Percentage upheld!F67; Percentage after 3 days, within!F67; Context - Provision!F54",structured_analytical_review_v1,Codex,2026-07-20,pending_business_review
FRN:134908,2025-H2,2025-07-01 to 2025-12-31,decumulation_and_pensions,EBS Pensions Limited,134908.0,2025-07-01,2025-12-31,3,3,0,CTX_PROVISION_PEER_HIGH|OVER_8_WEEKS_HIGH|UPHELD_PEER_HIGH,9,9,"{""complaint_outcome"": {""cap"": 4, ""capped_points"": 3, ""uncapped_points"": 3}, ""context_rate"": {""cap"": 4, ""capped_points"": 3, ""uncapped_points"": 3}, ""timeliness"": {""cap"": 3, ""capped_points"": 3, ""uncapped_points"": 3}, ""volume_pressure"": {""cap"": 2, ""capped_points"": 0, ""uncapped_points"": 0}}",0,0,9,partial,priority_review,fca_complaint_early_warning_v2_candidate,analytical_candidate_pending_business_review,3,complaint_outcome|context_rate|timeliness,,1176.0,776.0,0.9317,0.4072,34.21,,matched,,,,retain_priority_review,"Score 9 from 3 rules across 3 independent signal families (complaint_outcome|context_rate|timeliness). No rule persisted from the prior period. Multiple or reinforced signals support retaining priority-review status. This is prioritisation evidence, not a harm finding.",,,,,structured_analytical_review_v1,Codex,2026-07-20,pending_business_review
FRN:139793,2021-H2,2021-07-01 to 2021-12-31,insurance_and_pure_protection,The Prudential Assurance Company Limited,139793.0,2021-07-01,2021-12-31,7,3,1,OVER_8_WEEKS_HIGH|UPHELD_DETERIORATION|UPHELD_PEER_HIGH,8,7,"{""complaint_outcome"": {""cap"": 4, ""capped_points"": 4, ""uncapped_points"": 5}, ""context_rate"": {""cap"": 4, ""capped_points"": 0, ""uncapped_points"": 0}, ""timeliness"": {""cap"": 3, ""capped_points"": 3, ""uncapped_points"": 3}, ""volume_pressure"": {""cap"": 2, ""capped_points"": 0, ""uncapped_points"": 0}}",1,1,8,broad,priority_review,fca_complaint_early_warning_v2_candidate,analytical_candidate_pending_business_review,2,complaint_outcome|timeliness,UPHELD_PEER_HIGH,470.0,537.0,0.907,0.868,0.26,,matched,,,,retain_priority_review_borderline,"Score 8 from 3 rules across 2 independent signal families (complaint_outcome|timeliness). Persistent rules: UPHELD_PEER_HIGH. This is an exact-boundary case supported by two distinct families; retain for review but rank below stronger priority cases. This is prioritisation evidence, not a harm finding.",,,,,structured_analytical_review_v1,Codex,2026-07-20,pending_business_review
FRN:139793,2023-H1,2023-01-01 to 2023-06-30,insurance_and_pure_protection,The Prudential Assurance Company Limited,139793.0,2023-01-01,2023-06-30,7,2,2,OVER_8_WEEKS_HIGH|UPHELD_PEER_HIGH,6,6,"{""complaint_outcome"": {""cap"": 4, ""capped_points"": 3, ""uncapped_points"": 3}, ""context_rate"": {""cap"": 4, ""capped_points"": 0, ""uncapped_points"": 0}, ""timeliness"": {""cap"": 3, ""capped_points"": 3, ""uncapped_points"": 3}, ""volume_pressure"": {""cap"": 2, ""capped_points"": 0, ""uncapped_points"": 0}}",0,2,8,broad,priority_review,fca_complaint_early_warning_v2_candidate,analytical_candidate_pending_business_review,2,complaint_outcome|timeliness,OVER_8_WEEKS_HIGH|UPHELD_PEER_HIGH,359.0,318.0,0.8490566037735849,0.7075471698113207,0.21,,matched,,,,retain_priority_review_borderline,"Score 8 from 2 rules across 2 independent signal families (complaint_outcome|timeliness). Persistent rules: OVER_8_WEEKS_HIGH|UPHELD_PEER_HIGH. This is an exact-boundary case supported by two distinct families; retain for review but rank below stronger priority cases. This is prioritisation evidence, not a harm finding.",,,,,structured_analytical_review_v1,Codex,2026-07-20,pending_business_review
FRN:139793,2025-H2,2025-07-01 to 2025-12-31,insurance_and_pure_protection,The Prudential Assurance Company Limited,139793.0,2025-07-01,2025-12-31,7,3,1,OVER_8_WEEKS_HIGH|UPHELD_DETERIORATION|UPHELD_PEER_HIGH,8,7,"{""complaint_outcome"": {""cap"": 4, ""capped_points"": 4, ""uncapped_points"": 5}, ""context_rate"": {""cap"": 4, ""capped_points"": 0, ""uncapped_points"": 0}, ""timeliness"": {""cap"": 3, ""capped_points"": 3, ""uncapped_points"": 3}, ""volume_pressure"": {""cap"": 2, ""capped_points"": 0, ""uncapped_points"": 0}}",1,1,8,broad,priority_review,fca_complaint_early_warning_v2_candidate,analytical_candidate_pending_business_review,2,complaint_outcome|timeliness,UPHELD_PEER_HIGH,750.0,785.0,0.893,0.8892,0.49,,matched,,,,retain_priority_review_borderline,"Score 8 from 3 rules across 2 independent signal families (complaint_outcome|timeliness). Persistent rules: UPHELD_PEER_HIGH. This is an exact-boundary case supported by two distinct families; retain for review but rank below stronger priority cases. This is prioritisation evidence, not a harm finding.",,,,,structured_analytical_review_v1,Codex,2026-07-20,pending_business_review
FRN:141282,2024-H2,2024-07-01 to 2024-12-31,decumulation_and_pensions,Interactive Investor Services Limited,141282.0,2024-07-01,2024-12-31,7,3,2,CTX_PROVISION_DETERIORATION|OPENED_EXCEPTIONAL_GROWTH|OVER_8_WEEKS_HIGH,7,7,"{""complaint_outcome"": {""cap"": 4, ""capped_points"": 0, ""uncapped_points"": 0}, ""context_rate"": {""cap"": 4, ""capped_points"": 2, ""uncapped_points"": 2}, ""timeliness"": {""cap"": 3, ""capped_points"": 3, ""uncapped_points"": 3}, ""volume_pressure"": {""cap"": 2, ""capped_points"": 2, ""uncapped_points"": 2}}",0,2,9,broad,priority_review,fca_complaint_early_warning_v2_candidate,analytical_candidate_pending_business_review,3,context_rate|timeliness|volume_pressure,OPENED_EXCEPTIONAL_GROWTH|OVER_8_WEEKS_HIGH,479.0,535.0,0.6206,0.8074,5.64,,matched,,,,retain_priority_review,"Score 9 from 3 rules across 3 independent signal families (context_rate|timeliness|volume_pressure). Persistent rules: OPENED_EXCEPTIONAL_GROWTH|OVER_8_WEEKS_HIGH. Multiple or reinforced signals support retaining priority-review status. This is prioritisation evidence, not a harm finding.",,,,,structured_analytical_review_v1,Codex,2026-07-20,pending_business_review
FRN:165548,2024-H2,2024-07-01 to 2024-12-31,investments,Scottish Equitable Plc,165548.0,2024-07-01,2024-12-31,7,4,1,CTX_PROVISION_DETERIORATION|CTX_PROVISION_PEER_HIGH|OPENED_EXCEPTIONAL_GROWTH|UPHELD_DETERIORATION,9,8,"{""complaint_outcome"": {""cap"": 4, ""capped_points"": 2, ""uncapped_points"": 2}, ""context_rate"": {""cap"": 4, ""capped_points"": 4, ""uncapped_points"": 5}, ""timeliness"": {""cap"": 3, ""capped_points"": 0, ""uncapped_points"": 0}, ""volume_pressure"": {""cap"": 2, ""capped_points"": 2, ""uncapped_points"": 2}}",1,1,9,broad,priority_review,fca_complaint_early_warning_v2_candidate,analytical_candidate_pending_business_review,3,complaint_outcome|context_rate|volume_pressure,CTX_PROVISION_DETERIORATION,259.0,180.0,0.8333,0.9056,16.11,,matched,,,,retain_priority_review,"Score 9 from 4 rules across 3 independent signal families (complaint_outcome|context_rate|volume_pressure). Persistent rules: CTX_PROVISION_DETERIORATION. Multiple or reinforced signals support retaining priority-review status. This is prioritisation evidence, not a harm finding.",,,,,structured_analytical_review_v1,Codex,2026-07-20,pending_business_review
FRN:165548,2025-H1,2025-01-01 to 2025-06-30,investments,Scottish Equitable Plc,165548.0,2025-01-01,2025-06-30,7,5,3,CTX_PROVISION_DETERIORATION|CTX_PROVISION_PEER_HIGH|OVER_8_WEEKS_HIGH|UPHELD_DETERIORATION|UPHELD_PEER_HIGH,13,11,"{""complaint_outcome"": {""cap"": 4, ""capped_points"": 4, ""uncapped_points"": 5}, ""context_rate"": {""cap"": 4, ""capped_points"": 4, ""uncapped_points"": 5}, ""timeliness"": {""cap"": 3, ""capped_points"": 3, ""uncapped_points"": 3}, ""volume_pressure"": {""cap"": 2, ""capped_points"": 0, ""uncapped_points"": 0}}",2,2,13,broad,priority_review,fca_complaint_early_warning_v2_candidate,analytical_candidate_pending_business_review,3,complaint_outcome|context_rate|timeliness,CTX_PROVISION_DETERIORATION|CTX_PROVISION_PEER_HIGH|UPHELD_DETERIORATION,329.0,301.0,0.9003,0.6146,20.98,,matched,,,,retain_priority_review,"Score 13 from 5 rules across 3 independent signal families (complaint_outcome|context_rate|timeliness). Persistent rules: CTX_PROVISION_DETERIORATION|CTX_PROVISION_PEER_HIGH|UPHELD_DETERIORATION. Multiple or reinforced signals support retaining priority-review status. This is prioritisation evidence, not a harm finding.",,,,,structured_analytical_review_v1,Codex,2026-07-20,pending_business_review
FRN:165548,2025-H2,2025-07-01 to 2025-12-31,investments,Scottish Equitable Plc,165548.0,2025-07-01,2025-12-31,7,3,3,CTX_PROVISION_PEER_HIGH|OVER_8_WEEKS_HIGH|UPHELD_PEER_HIGH,9,9,"{""complaint_outcome"": {""cap"": 4, ""capped_points"": 3, ""uncapped_points"": 3}, ""context_rate"": {""cap"": 4, ""capped_points"": 3, ""uncapped_points"": 3}, ""timeliness"": {""cap"": 3, ""capped_points"": 3, ""uncapped_points"": 3}, ""volume_pressure"": {""cap"": 2, ""capped_points"": 0, ""uncapped_points"": 0}}",0,2,11,broad,priority_review,fca_complaint_early_warning_v2_candidate,analytical_candidate_pending_business_review,3,complaint_outcome|context_rate|timeliness,CTX_PROVISION_PEER_HIGH|OVER_8_WEEKS_HIGH|UPHELD_PEER_HIGH,168.0,244.0,0.8811,0.4877,10.82,,matched,coherent_priority_case,"Persistent adverse peer positions occur across context rate, upheld outcome and timeliness. Current changes improved, but the elevated levels remain a coherent investigation signal.",,retain_priority_review,"Score 11 from 3 rules across 3 independent signal families (complaint_outcome|context_rate|timeliness). Persistent rules: CTX_PROVISION_PEER_HIGH|OVER_8_WEEKS_HIGH|UPHELD_PEER_HIGH. Multiple or reinforced signals support retaining priority-review status. This is prioritisation evidence, not a harm finding.",,,,,structured_analytical_review_v1,Codex,2026-07-20,pending_business_review
FRN:181655,2021-H1,01-01-2021 to 30-06-2021,investments,SCOTTISH WIDOWS LIMITED,181655.0,2021-01-01,2021-06-30,3,3,0,CTX_PROVISION_PEER_HIGH|OVER_8_WEEKS_HIGH|UPHELD_PEER_HIGH,9,9,"{""complaint_outcome"": {""cap"": 4, ""capped_points"": 3, ""uncapped_points"": 3}, ""context_rate"": {""cap"": 4, ""capped_points"": 3, ""uncapped_points"": 3}, ""timeliness"": {""cap"": 3, ""capped_points"": 3, ""uncapped_points"": 3}, ""volume_pressure"": {""cap"": 2, ""capped_points"": 0, ""uncapped_points"": 0}}",0,0,9,partial,priority_review,fca_complaint_early_warning_v2_candidate,analytical_candidate_pending_business_review,3,complaint_outcome|context_rate|timeliness,,1498.0,1481.0,0.9034436191762324,0.5334233625928426,11.66,,matched,,,,retain_priority_review,"Score 9 from 3 rules across 3 independent signal families (complaint_outcome|context_rate|timeliness). No rule persisted from the prior period. Multiple or reinforced signals support retaining priority-review status. This is prioritisation evidence, not a harm finding.",,,,,structured_analytical_review_v1,Codex,2026-07-20,pending_business_review
FRN:181655,2021-H2,2021-07-01 to 2021-12-31,insurance_and_pure_protection,SCOTTISH WIDOWS LIMITED,181655.0,2021-07-01,2021-12-31,7,2,2,OVER_8_WEEKS_HIGH|UPHELD_PEER_HIGH,6,6,"{""complaint_outcome"": {""cap"": 4, ""capped_points"": 3, ""uncapped_points"": 3}, ""context_rate"": {""cap"": 4, ""capped_points"": 0, ""uncapped_points"": 0}, ""timeliness"": {""cap"": 3, ""capped_points"": 3, ""uncapped_points"": 3}, ""volume_pressure"": {""cap"": 2, ""capped_points"": 0, ""uncapped_points"": 0}}",0,2,8,broad,priority_review,fca_complaint_early_warning_v2_candidate,analytical_candidate_pending_business_review,2,complaint_outcome|timeliness,OVER_8_WEEKS_HIGH|UPHELD_PEER_HIGH,1445.0,1514.0,0.752,0.788,1.28,,matched,,,,retain_priority_review_borderline,"Score 8 from 2 rules across 2 independent signal families (complaint_outcome|timeliness). Persistent rules: OVER_8_WEEKS_HIGH|UPHELD_PEER_HIGH. This is an exact-boundary case supported by two distinct families; retain for review but rank below stronger priority cases. This is prioritisation evidence, not a harm finding.",,,,,structured_analytical_review_v1,Codex,2026-07-20,pending_business_review
FRN:181655,2021-H2,2021-07-01 to 2021-12-31,investments,SCOTTISH WIDOWS LIMITED,181655.0,2021-07-01,2021-12-31,7,5,3,CTX_PROVISION_DETERIORATION|CTX_PROVISION_PEER_HIGH|OPENED_VOLUME_PRESSURE|OVER_8_WEEKS_HIGH|UPHELD_PEER_HIGH,12,11,"{""complaint_outcome"": {""cap"": 4, ""capped_points"": 3, ""uncapped_points"": 3}, ""context_rate"": {""cap"": 4, ""capped_points"": 4, ""uncapped_points"": 5}, ""timeliness"": {""cap"": 3, ""capped_points"": 3, ""uncapped_points"": 3}, ""volume_pressure"": {""cap"": 2, ""capped_points"": 1, ""uncapped_points"": 1}}",1,2,13,broad,priority_review,fca_complaint_early_warning_v2_candidate,analytical_candidate_pending_business_review,4,complaint_outcome|context_rate|timeliness|volume_pressure,CTX_PROVISION_PEER_HIGH|OVER_8_WEEKS_HIGH|UPHELD_PEER_HIGH,1915.0,1895.0,0.92,0.5640000000000001,15.42,,matched,,,,retain_priority_review,"Score 13 from 5 rules across 4 independent signal families (complaint_outcome|context_rate|timeliness|volume_pressure). Persistent rules: CTX_PROVISION_PEER_HIGH|OVER_8_WEEKS_HIGH|UPHELD_PEER_HIGH. Multiple or reinforced signals support retaining priority-review status. This is prioritisation evidence, not a harm finding.",,,,,structured_analytical_review_v1,Codex,2026-07-20,pending_business_review
FRN:181655,2022-H1,2022-01-01 to 2022-06-30,insurance_and_pure_protection,SCOTTISH WIDOWS LIMITED,181655.0,2022-01-01,2022-06-30,7,2,2,OVER_8_WEEKS_HIGH|UPHELD_PEER_HIGH,6,6,"{""complaint_outcome"": {""cap"": 4, ""capped_points"": 3, ""uncapped_points"": 3}, ""context_rate"": {""cap"": 4, ""capped_points"": 0, ""uncapped_points"": 0}, ""timeliness"": {""cap"": 3, ""capped_points"": 3, ""uncapped_points"": 3}, ""volume_pressure"": {""cap"": 2, ""capped_points"": 0, ""uncapped_points"": 0}}",0,2,8,broad,priority_review,fca_complaint_early_warning_v2_candidate,analytical_candidate_pending_business_review,2,complaint_outcome|timeliness,OVER_8_WEEKS_HIGH|UPHELD_PEER_HIGH,1799.0,1855.0,0.7849,0.7827000000000001,1.61,,matched,,,,retain_priority_review_borderline,"Score 8 from 2 rules across 2 independent signal families (complaint_outcome|timeliness). Persistent rules: OVER_8_WEEKS_HIGH|UPHELD_PEER_HIGH. This is an exact-boundary case supported by two distinct families; retain for review but rank below stronger priority cases. This is prioritisation evidence, not a harm finding.",,,,,structured_analytical_review_v1,Codex,2026-07-20,pending_business_review
FRN:181655,2022-H1,2022-01-01 to 2022-06-30,investments,SCOTTISH WIDOWS LIMITED,181655.0,2022-01-01,2022-06-30,7,3,3,CTX_PROVISION_PEER_HIGH|OVER_8_WEEKS_HIGH|UPHELD_PEER_HIGH,9,9,"{""complaint_outcome"": {""cap"": 4, ""capped_points"": 3, ""uncapped_points"": 3}, ""context_rate"": {""cap"": 4, ""capped_points"": 3, ""uncapped_points"": 3}, ""timeliness"": {""cap"": 3, ""capped_points"": 3, ""uncapped_points"": 3}, ""volume_pressure"": {""cap"": 2, ""capped_points"": 0, ""uncapped_points"": 0}}",0,2,11,broad,priority_review,fca_complaint_early_warning_v2_candidate,analytical_candidate_pending_business_review,3,complaint_outcome|context_rate|timeliness,CTX_PROVISION_PEER_HIGH|OVER_8_WEEKS_HIGH|UPHELD_PEER_HIGH,2032.0,2207.0,0.9162,0.6923999999999999,7.87,,matched,,,,retain_priority_review,"Score 11 from 3 rules across 3 independent signal families (complaint_outcome|context_rate|timeliness). Persistent rules: CTX_PROVISION_PEER_HIGH|OVER_8_WEEKS_HIGH|UPHELD_PEER_HIGH. Multiple or reinforced signals support retaining priority-review status. This is prioritisation evidence, not a harm finding.",,,,,structured_analytical_review_v1,Codex,2026-07-20,pending_business_review
FRN:181655,2022-H2,2022-07-01 to 2022-12-31,insurance_and_pure_protection,SCOTTISH WIDOWS LIMITED,181655.0,2022-07-01,2022-12-31,7,2,2,OVER_8_WEEKS_HIGH|UPHELD_PEER_HIGH,6,6,"{""complaint_outcome"": {""cap"": 4, ""capped_points"": 3, ""uncapped_points"": 3}, ""context_rate"": {""cap"": 4, ""capped_points"": 0, ""uncapped_points"": 0}, ""timeliness"": {""cap"": 3, ""capped_points"": 3, ""uncapped_points"": 3}, ""volume_pressure"": {""cap"": 2, ""capped_points"": 0, ""uncapped_points"": 0}}",0,2,8,broad,priority_review,fca_complaint_early_warning_v2_candidate,analytical_candidate_pending_business_review,2,complaint_outcome|timeliness,OVER_8_WEEKS_HIGH|UPHELD_PEER_HIGH,1542.0,1538.0,0.8114,0.8206,1.39,,matched,,,,retain_priority_review_borderline,"Score 8 from 2 rules across 2 independent signal families (complaint_outcome|timeliness). Persistent rules: OVER_8_WEEKS_HIGH|UPHELD_PEER_HIGH. This is an exact-boundary case supported by two distinct families; retain for review but rank below stronger priority cases. This is prioritisation evidence, not a harm finding.",,,,,structured_analytical_review_v1,Codex,2026-07-20,pending_business_review
FRN:181655,2022-H2,2022-07-01 to 2022-12-31,investments,SCOTTISH WIDOWS LIMITED,181655.0,2022-07-01,2022-12-31,7,3,3,CTX_PROVISION_PEER_HIGH|OVER_8_WEEKS_HIGH|UPHELD_PEER_HIGH,9,9,"{""complaint_outcome"": {""cap"": 4, ""capped_points"": 3, ""uncapped_points"": 3}, ""context_rate"": {""cap"": 4, ""capped_points"": 3, ""uncapped_points"": 3}, ""timeliness"": {""cap"": 3, ""capped_points"": 3, ""uncapped_points"": 3}, ""volume_pressure"": {""cap"": 2, ""capped_points"": 0, ""uncapped_points"": 0}}",0,2,11,broad,priority_review,fca_complaint_early_warning_v2_candidate,analytical_candidate_pending_business_review,3,complaint_outcome|context_rate|timeliness,CTX_PROVISION_PEER_HIGH|OVER_8_WEEKS_HIGH|UPHELD_PEER_HIGH,1948.0,1907.0,0.9229,0.7483,8.29,,matched,,,,retain_priority_review,"Score 11 from 3 rules across 3 independent signal families (complaint_outcome|context_rate|timeliness). Persistent rules: CTX_PROVISION_PEER_HIGH|OVER_8_WEEKS_HIGH|UPHELD_PEER_HIGH. Multiple or reinforced signals support retaining priority-review status. This is prioritisation evidence, not a harm finding.",,,,,structured_analytical_review_v1,Codex,2026-07-20,pending_business_review
FRN:181655,2023-H1,2023-01-01 to 2023-06-30,decumulation_and_pensions,SCOTTISH WIDOWS LIMITED,181655.0,2023-01-01,2023-06-30,7,3,2,OPENED_VOLUME_PRESSURE|OVER_8_WEEKS_HIGH|UPHELD_PEER_HIGH,7,7,"{""complaint_outcome"": {""cap"": 4, ""capped_points"": 3, ""uncapped_points"": 3}, ""context_rate"": {""cap"": 4, ""capped_points"": 0, ""uncapped_points"": 0}, ""timeliness"": {""cap"": 3, ""capped_points"": 3, ""uncapped_points"": 3}, ""volume_pressure"": {""cap"": 2, ""capped_points"": 1, ""uncapped_points"": 1}}",0,2,9,broad,priority_review,fca_complaint_early_warning_v2_candidate,analytical_candidate_pending_business_review,3,complaint_outcome|timeliness|volume_pressure,OPENED_VOLUME_PRESSURE|UPHELD_PEER_HIGH,13024.0,13020.0,0.9063748079877112,0.5293394777265745,2.8,,matched,,,,retain_priority_review,"Score 9 from 3 rules across 3 independent signal families (complaint_outcome|timeliness|volume_pressure). Persistent rules: OPENED_VOLUME_PRESSURE|UPHELD_PEER_HIGH. Multiple or reinforced signals support retaining priority-review status. This is prioritisation evidence, not a harm finding.",,,,,structured_analytical_review_v1,Codex,2026-07-20,pending_business_review
FRN:181655,2023-H1,2023-01-01 to 2023-06-30,insurance_and_pure_protection,SCOTTISH WIDOWS LIMITED,181655.0,2023-01-01,2023-06-30,7,2,2,OVER_8_WEEKS_HIGH|UPHELD_PEER_HIGH,6,6,"{""complaint_outcome"": {""cap"": 4, ""capped_points"": 3, ""uncapped_points"": 3}, ""context_rate"": {""cap"": 4, ""capped_points"": 0, ""uncapped_points"": 0}, ""timeliness"": {""cap"": 3, ""capped_points"": 3, ""uncapped_points"": 3}, ""volume_pressure"": {""cap"": 2, ""capped_points"": 0, ""uncapped_points"": 0}}",0,2,8,broad,priority_review,fca_complaint_early_warning_v2_candidate,analytical_candidate_pending_business_review,2,complaint_outcome|timeliness,OVER_8_WEEKS_HIGH|UPHELD_PEER_HIGH,2187.0,2203.0,0.7884702678166137,0.6359509759418975,2.01,,matched,,,,retain_priority_review_borderline,"Score 8 from 2 rules across 2 independent signal families (complaint_outcome|timeliness). Persistent rules: OVER_8_WEEKS_HIGH|UPHELD_PEER_HIGH. This is an exact-boundary case supported by two distinct families; retain for review but rank below stronger priority cases. This is prioritisation evidence, not a harm finding.",,,,,structured_analytical_review_v1,Codex,2026-07-20,pending_business_review
FRN:181655,2023-H1,2023-01-01 to 2023-06-30,investments,SCOTTISH WIDOWS LIMITED,181655.0,2023-01-01,2023-06-30,7,5,3,CTX_PROVISION_DETERIORATION|CTX_PROVISION_PEER_HIGH|OPENED_VOLUME_PRESSURE|OVER_8_WEEKS_HIGH|UPHELD_PEER_HIGH,12,11,"{""complaint_outcome"": {""cap"": 4, ""capped_points"": 3, ""uncapped_points"": 3}, ""context_rate"": {""cap"": 4, ""capped_points"": 4, ""uncapped_points"": 5}, ""timeliness"": {""cap"": 3, ""capped_points"": 3, ""uncapped_points"": 3}, ""volume_pressure"": {""cap"": 2, ""capped_points"": 1, ""uncapped_points"": 1}}",1,2,13,broad,priority_review,fca_complaint_early_warning_v2_candidate,analytical_candidate_pending_business_review,4,complaint_outcome|context_rate|timeliness|volume_pressure,CTX_PROVISION_PEER_HIGH|OVER_8_WEEKS_HIGH|UPHELD_PEER_HIGH,2909.0,2957.0,0.8965167399391275,0.6712884680419343,12.28,,matched,,,,retain_priority_review,"Score 13 from 5 rules across 4 independent signal families (complaint_outcome|context_rate|timeliness|volume_pressure). Persistent rules: CTX_PROVISION_PEER_HIGH|OVER_8_WEEKS_HIGH|UPHELD_PEER_HIGH. Multiple or reinforced signals support retaining priority-review status. This is prioritisation evidence, not a harm finding.",,,,,structured_analytical_review_v1,Codex,2026-07-20,pending_business_review
FRN:181655,2023-H2,2023-07-01 to 2023-12-31,decumulation_and_pensions,SCOTTISH WIDOWS LIMITED,181655.0,2023-07-01,2023-12-31,7,2,2,OVER_8_WEEKS_HIGH|UPHELD_PEER_HIGH,6,6,"{""complaint_outcome"": {""cap"": 4, ""capped_points"": 3, ""uncapped_points"": 3}, ""context_rate"": {""cap"": 4, ""capped_points"": 0, ""uncapped_points"": 0}, ""timeliness"": {""cap"": 3, ""capped_points"": 3, ""uncapped_points"": 3}, ""volume_pressure"": {""cap"": 2, ""capped_points"": 0, ""uncapped_points"": 0}}",0,2,8,broad,priority_review,fca_complaint_early_warning_v2_candidate,analytical_candidate_pending_business_review,2,complaint_outcome|timeliness,OVER_8_WEEKS_HIGH|UPHELD_PEER_HIGH,11723.0,11469.0,0.8744,0.6766,2.23,,matched,,,,retain_priority_review_borderline,"Score 8 from 2 rules across 2 independent signal families (complaint_outcome|timeliness). Persistent rules: OVER_8_WEEKS_HIGH|UPHELD_PEER_HIGH. This is an exact-boundary case supported by two distinct families; retain for review but rank below stronger priority cases. This is prioritisation evidence, not a harm finding.",,,,,structured_analytical_review_v1,Codex,2026-07-20,pending_business_review
FRN:181655,2023-H2,2023-07-01 to 2023-12-31,insurance_and_pure_protection,SCOTTISH WIDOWS LIMITED,181655.0,2023-07-01,2023-12-31,7,2,2,OVER_8_WEEKS_HIGH|UPHELD_PEER_HIGH,6,6,"{""complaint_outcome"": {""cap"": 4, ""capped_points"": 3, ""uncapped_points"": 3}, ""context_rate"": {""cap"": 4, ""capped_points"": 0, ""uncapped_points"": 0}, ""timeliness"": {""cap"": 3, ""capped_points"": 3, ""uncapped_points"": 3}, ""volume_pressure"": {""cap"": 2, ""capped_points"": 0, ""uncapped_points"": 0}}",0,2,8,broad,priority_review,fca_complaint_early_warning_v2_candidate,analytical_candidate_pending_business_review,2,complaint_outcome|timeliness,OVER_8_WEEKS_HIGH|UPHELD_PEER_HIGH,1820.0,1755.0,0.7709,0.8763,1.68,,matched,,,,retain_priority_review_borderline,"Score 8 from 2 rules across 2 independent signal families (complaint_outcome|timeliness). Persistent rules: OVER_8_WEEKS_HIGH|UPHELD_PEER_HIGH. This is an exact-boundary case supported by two distinct families; retain for review but rank below stronger priority cases. This is prioritisation evidence, not a harm finding.",,,,,structured_analytical_review_v1,Codex,2026-07-20,pending_business_review
FRN:181655,2023-H2,2023-07-01 to 2023-12-31,investments,SCOTTISH WIDOWS LIMITED,181655.0,2023-07-01,2023-12-31,7,2,2,CTX_PROVISION_PEER_HIGH|UPHELD_PEER_HIGH,6,6,"{""complaint_outcome"": {""cap"": 4, ""capped_points"": 3, ""uncapped_points"": 3}, ""context_rate"": {""cap"": 4, ""capped_points"": 3, ""uncapped_points"": 3}, ""timeliness"": {""cap"": 3, ""capped_points"": 0, ""uncapped_points"": 0}, ""volume_pressure"": {""cap"": 2, ""capped_points"": 0, ""uncapped_points"": 0}}",0,2,8,broad,priority_review,fca_complaint_early_warning_v2_candidate,analytical_candidate_pending_business_review,2,complaint_outcome|context_rate,CTX_PROVISION_PEER_HIGH|UPHELD_PEER_HIGH,2872.0,2672.0,0.9019,0.8701000000000001,12.73,,matched,,,,retain_priority_review_borderline,"Score 8 from 2 rules across 2 independent signal families (complaint_outcome|context_rate). Persistent rules: CTX_PROVISION_PEER_HIGH|UPHELD_PEER_HIGH. This is an exact-boundary case supported by two distinct families; retain for review but rank below stronger priority cases. This is prioritisation evidence, not a harm finding.",,,,,structured_analytical_review_v1,Codex,2026-07-20,pending_business_review
FRN:181655,2024-H1,2024-01-01 to 2024-06-30,investments,SCOTTISH WIDOWS LIMITED,181655.0,2024-01-01,2024-06-30,7,2,2,CTX_PROVISION_PEER_HIGH|UPHELD_PEER_HIGH,6,6,"{""complaint_outcome"": {""cap"": 4, ""capped_points"": 3, ""uncapped_points"": 3}, ""context_rate"": {""cap"": 4, ""capped_points"": 3, ""uncapped_points"": 3}, ""timeliness"": {""cap"": 3, ""capped_points"": 0, ""uncapped_points"": 0}, ""volume_pressure"": {""cap"": 2, ""capped_points"": 0, ""uncapped_points"": 0}}",0,2,8,broad,priority_review,fca_complaint_early_warning_v2_candidate,analytical_candidate_pending_business_review,2,complaint_outcome|context_rate,CTX_PROVISION_PEER_HIGH|UPHELD_PEER_HIGH,2102.0,2157.0,0.8989,0.898,9.77,,matched,,,,retain_priority_review_borderline,"Score 8 from 2 rules across 2 independent signal families (complaint_outcome|context_rate). Persistent rules: CTX_PROVISION_PEER_HIGH|UPHELD_PEER_HIGH. This is an exact-boundary case supported by two distinct families; retain for review but rank below stronger priority cases. This is prioritisation evidence, not a harm finding.",,,,,structured_analytical_review_v1,Codex,2026-07-20,pending_business_review
FRN:181655,2024-H2,2024-07-01 to 2024-12-31,investments,SCOTTISH WIDOWS LIMITED,181655.0,2024-07-01,2024-12-31,7,2,2,CTX_PROVISION_PEER_HIGH|UPHELD_PEER_HIGH,6,6,"{""complaint_outcome"": {""cap"": 4, ""capped_points"": 3, ""uncapped_points"": 3}, ""context_rate"": {""cap"": 4, ""capped_points"": 3, ""uncapped_points"": 3}, ""timeliness"": {""cap"": 3, ""capped_points"": 0, ""uncapped_points"": 0}, ""volume_pressure"": {""cap"": 2, ""capped_points"": 0, ""uncapped_points"": 0}}",0,2,8,broad,priority_review,fca_complaint_early_warning_v2_candidate,analytical_candidate_pending_business_review,2,complaint_outcome|context_rate,CTX_PROVISION_PEER_HIGH|UPHELD_PEER_HIGH,2488.0,2296.0,0.9007,0.9177,11.84,,matched,,,,retain_priority_review_borderline,"Score 8 from 2 rules across 2 independent signal families (complaint_outcome|context_rate). Persistent rules: CTX_PROVISION_PEER_HIGH|UPHELD_PEER_HIGH. This is an exact-boundary case supported by two distinct families; retain for review but rank below stronger priority cases. This is prioritisation evidence, not a harm finding.",,,,,structured_analytical_review_v1,Codex,2026-07-20,pending_business_review
FRN:181655,2025-H1,2025-01-01 to 2025-06-30,investments,SCOTTISH WIDOWS LIMITED,181655.0,2025-01-01,2025-06-30,7,3,2,CTX_PROVISION_PEER_HIGH|OVER_8_WEEKS_HIGH|UPHELD_PEER_HIGH,9,9,"{""complaint_outcome"": {""cap"": 4, ""capped_points"": 3, ""uncapped_points"": 3}, ""context_rate"": {""cap"": 4, ""capped_points"": 3, ""uncapped_points"": 3}, ""timeliness"": {""cap"": 3, ""capped_points"": 3, ""uncapped_points"": 3}, ""volume_pressure"": {""cap"": 2, ""capped_points"": 0, ""uncapped_points"": 0}}",0,2,11,broad,priority_review,fca_complaint_early_warning_v2_candidate,analytical_candidate_pending_business_review,3,complaint_outcome|context_rate|timeliness,CTX_PROVISION_PEER_HIGH|UPHELD_PEER_HIGH,1940.0,2209.0,0.9199,0.8587,10.63,,matched,,,,retain_priority_review,"Score 11 from 3 rules across 3 independent signal families (complaint_outcome|context_rate|timeliness). Persistent rules: CTX_PROVISION_PEER_HIGH|UPHELD_PEER_HIGH. Multiple or reinforced signals support retaining priority-review status. This is prioritisation evidence, not a harm finding.",,,,,structured_analytical_review_v1,Codex,2026-07-20,pending_business_review
FRN:181655,2025-H2,2025-07-01 to 2025-12-31,investments,SCOTTISH WIDOWS LIMITED,181655.0,2025-07-01,2025-12-31,7,2,2,CTX_PROVISION_PEER_HIGH|UPHELD_PEER_HIGH,6,6,"{""complaint_outcome"": {""cap"": 4, ""capped_points"": 3, ""uncapped_points"": 3}, ""context_rate"": {""cap"": 4, ""capped_points"": 3, ""uncapped_points"": 3}, ""timeliness"": {""cap"": 3, ""capped_points"": 0, ""uncapped_points"": 0}, ""volume_pressure"": {""cap"": 2, ""capped_points"": 0, ""uncapped_points"": 0}}",0,2,8,broad,priority_review,fca_complaint_early_warning_v2_candidate,analytical_candidate_pending_business_review,2,complaint_outcome|context_rate,CTX_PROVISION_PEER_HIGH|UPHELD_PEER_HIGH,1163.0,1158.0,0.8834,0.9257,6.62,,matched,,,,retain_priority_review_borderline,"Score 8 from 2 rules across 2 independent signal families (complaint_outcome|context_rate). Persistent rules: CTX_PROVISION_PEER_HIGH|UPHELD_PEER_HIGH. This is an exact-boundary case supported by two distinct families; retain for review but rank below stronger priority cases. This is prioritisation evidence, not a harm finding.",,,,,structured_analytical_review_v1,Codex,2026-07-20,pending_business_review
FRN:184514,2022-H1,2021-09-01 to 2022-02-28,insurance_and_pure_protection,Sainsbury's Bank Plc,184514.0,2021-09-01,2022-02-28,5,3,1,OVER_8_WEEKS_HIGH|UPHELD_DETERIORATION|UPHELD_PEER_HIGH,8,7,"{""complaint_outcome"": {""cap"": 4, ""capped_points"": 4, ""uncapped_points"": 5}, ""context_rate"": {""cap"": 4, ""capped_points"": 0, ""uncapped_points"": 0}, ""timeliness"": {""cap"": 3, ""capped_points"": 3, ""uncapped_points"": 3}, ""volume_pressure"": {""cap"": 2, ""capped_points"": 0, ""uncapped_points"": 0}}",1,1,8,partial,priority_review,fca_complaint_early_warning_v2_candidate,analytical_candidate_pending_business_review,2,complaint_outcome|timeliness,OVER_8_WEEKS_HIGH,1511.0,1720.0,0.8953,0.5412,,,matched,,,,retain_priority_review_borderline,"Score 8 from 3 rules across 2 independent signal families (complaint_outcome|timeliness). Persistent rules: OVER_8_WEEKS_HIGH. This is an exact-boundary case supported by two distinct families; retain for review but rank below stronger priority cases. This is prioritisation evidence, not a harm finding.",,,,,structured_analytical_review_v1,Codex,2026-07-20,pending_business_review
FRN:184514,2023-H1,2022-09-01 to 2023-02-28,home_finance,Sainsbury's Bank Plc,184514.0,2022-09-01,2023-02-28,5,3,1,OVER_8_WEEKS_HIGH|UPHELD_DETERIORATION|UPHELD_PEER_HIGH,8,7,"{""complaint_outcome"": {""cap"": 4, ""capped_points"": 4, ""uncapped_points"": 5}, ""context_rate"": {""cap"": 4, ""capped_points"": 0, ""uncapped_points"": 0}, ""timeliness"": {""cap"": 3, ""capped_points"": 3, ""uncapped_points"": 3}, ""volume_pressure"": {""cap"": 2, ""capped_points"": 0, ""uncapped_points"": 0}}",1,1,8,partial,priority_review,fca_complaint_early_warning_v2_candidate,analytical_candidate_pending_business_review,2,complaint_outcome|timeliness,OVER_8_WEEKS_HIGH,116.0,117.0,0.7948717948717948,0.4188034188034187,,,matched,,,,retain_priority_review_borderline,"Score 8 from 3 rules across 2 independent signal families (complaint_outcome|timeliness). Persistent rules: OVER_8_WEEKS_HIGH. This is an exact-boundary case supported by two distinct families; retain for review but rank below stronger priority cases. This is prioritisation evidence, not a harm finding.",,,,,structured_analytical_review_v1,Codex,2026-07-20,pending_business_review
FRN:184514,2024-H1,2023-09-01 to 2024-02-29,home_finance,Sainsbury's Bank Plc,184514.0,2023-09-01,2024-02-29,7,3,1,CTX_PROVISION_PEER_HIGH|UPHELD_DETERIORATION|UPHELD_PEER_HIGH,8,7,"{""complaint_outcome"": {""cap"": 4, ""capped_points"": 4, ""uncapped_points"": 5}, ""context_rate"": {""cap"": 4, ""capped_points"": 3, ""uncapped_points"": 3}, ""timeliness"": {""cap"": 3, ""capped_points"": 0, ""uncapped_points"": 0}, ""volume_pressure"": {""cap"": 2, ""capped_points"": 0, ""uncapped_points"": 0}}",1,1,8,broad,priority_review,fca_complaint_early_warning_v2_candidate,analytical_candidate_pending_business_review,2,complaint_outcome|context_rate,CTX_PROVISION_PEER_HIGH,67.0,93.0,0.7527,0.8925,31.69,,matched,,,,retain_priority_review_borderline,"Score 8 from 3 rules across 2 independent signal families (complaint_outcome|context_rate). Persistent rules: CTX_PROVISION_PEER_HIGH. This is an exact-boundary case supported by two distinct families; retain for review but rank below stronger priority cases. This is prioritisation evidence, not a harm finding.",,,,,structured_analytical_review_v1,Codex,2026-07-20,pending_business_review
FRN:184514,2024-H1,2023-09-01 to 2024-02-29,insurance_and_pure_protection,Sainsbury's Bank Plc,184514.0,2023-09-01,2024-02-29,7,2,2,OVER_8_WEEKS_HIGH|UPHELD_PEER_HIGH,6,6,"{""complaint_outcome"": {""cap"": 4, ""capped_points"": 3, ""uncapped_points"": 3}, ""context_rate"": {""cap"": 4, ""capped_points"": 0, ""uncapped_points"": 0}, ""timeliness"": {""cap"": 3, ""capped_points"": 3, ""uncapped_points"": 3}, ""volume_pressure"": {""cap"": 2, ""capped_points"": 0, ""uncapped_points"": 0}}",0,2,8,broad,priority_review,fca_complaint_early_warning_v2_candidate,analytical_candidate_pending_business_review,2,complaint_outcome|timeliness,OVER_8_WEEKS_HIGH|UPHELD_PEER_HIGH,877.0,1378.0,0.7112,0.7068,3.16,,matched,,,,retain_priority_review_borderline,"Score 8 from 2 rules across 2 independent signal families (complaint_outcome|timeliness). Persistent rules: OVER_8_WEEKS_HIGH|UPHELD_PEER_HIGH. This is an exact-boundary case supported by two distinct families; retain for review but rank below stronger priority cases. This is prioritisation evidence, not a harm finding.",,,,,structured_analytical_review_v1,Codex,2026-07-20,pending_business_review
FRN:202312,2024-H1,2024-01-01 to 2024-06-30,insurance_and_pure_protection,AXA Insurance UK Plc,202312.0,2024-01-01,2024-06-30,7,2,2,CTX_PROVISION_PEER_HIGH|OVER_8_WEEKS_HIGH,6,6,"{""complaint_outcome"": {""cap"": 4, ""capped_points"": 0, ""uncapped_points"": 0}, ""context_rate"": {""cap"": 4, ""capped_points"": 3, ""uncapped_points"": 3}, ""timeliness"": {""cap"": 3, ""capped_points"": 3, ""uncapped_points"": 3}, ""volume_pressure"": {""cap"": 2, ""capped_points"": 0, ""uncapped_points"": 0}}",0,2,8,broad,priority_review,fca_complaint_early_warning_v2_candidate,analytical_candidate_pending_business_review,2,context_rate|timeliness,CTX_PROVISION_PEER_HIGH|OVER_8_WEEKS_HIGH,28525.0,30358.0,0.5931,0.7787999999999999,9.45,,matched,,,,retain_priority_review_borderline,"Score 8 from 2 rules across 2 independent signal families (context_rate|timeliness). Persistent rules: CTX_PROVISION_PEER_HIGH|OVER_8_WEEKS_HIGH. This is an exact-boundary case supported by two distinct families; retain for review but rank below stronger priority cases. This is prioritisation evidence, not a harm finding.",,,,,structured_analytical_review_v1,Codex,2026-07-20,pending_business_review
FRN:202323,2023-H1,2023-01-01 to 2023-06-30,insurance_and_pure_protection,INTACT INSURANCE UK LIMITED,202323.0,2023-01-01,2023-06-30,7,3,1,CTX_PROVISION_DETERIORATION|OVER_8_WEEKS_HIGH|UPHELD_DETERIORATION,7,7,"{""complaint_outcome"": {""cap"": 4, ""capped_points"": 2, ""uncapped_points"": 2}, ""context_rate"": {""cap"": 4, ""capped_points"": 2, ""uncapped_points"": 2}, ""timeliness"": {""cap"": 3, ""capped_points"": 3, ""uncapped_points"": 3}, ""volume_pressure"": {""cap"": 2, ""capped_points"": 0, ""uncapped_points"": 0}}",0,1,8,broad,priority_review,fca_complaint_early_warning_v2_candidate,analytical_candidate_pending_business_review,3,complaint_outcome|context_rate|timeliness,OVER_8_WEEKS_HIGH,26996.0,27852.0,0.6730216860548615,0.8409808990377712,5.4,,matched,,,,retain_priority_review,"Score 8 from 3 rules across 3 independent signal families (complaint_outcome|context_rate|timeliness). Persistent rules: OVER_8_WEEKS_HIGH. Multiple or reinforced signals support retaining priority-review status. This is prioritisation evidence, not a harm finding.",,,,,structured_analytical_review_v1,Codex,2026-07-20,pending_business_review
FRN:202664,2025-H1,2025-01-01 to 2025-06-30,insurance_and_pure_protection,Inter Partner Assistance SA,202664.0,2025-01-01,2025-06-30,5,2,2,OVER_8_WEEKS_HIGH|UPHELD_PEER_HIGH,6,6,"{""complaint_outcome"": {""cap"": 4, ""capped_points"": 3, ""uncapped_points"": 3}, ""context_rate"": {""cap"": 4, ""capped_points"": 0, ""uncapped_points"": 0}, ""timeliness"": {""cap"": 3, ""capped_points"": 3, ""uncapped_points"": 3}, ""volume_pressure"": {""cap"": 2, ""capped_points"": 0, ""uncapped_points"": 0}}",0,2,8,partial,priority_review,fca_complaint_early_warning_v2_candidate,analytical_candidate_pending_business_review,2,complaint_outcome|timeliness,OVER_8_WEEKS_HIGH|UPHELD_PEER_HIGH,8212.0,9685.0,0.7373,0.7123,,,matched,,,,retain_priority_review_borderline,"Score 8 from 2 rules across 2 independent signal families (complaint_outcome|timeliness). Persistent rules: OVER_8_WEEKS_HIGH|UPHELD_PEER_HIGH. This is an exact-boundary case supported by two distinct families; retain for review but rank below stronger priority cases. This is prioritisation evidence, not a harm finding.",,,,,structured_analytical_review_v1,Codex,2026-07-20,pending_business_review
FRN:203350,2024-H1,2024-01-01 to 2024-06-30,insurance_and_pure_protection,esure Insurance Limited,203350.0,2024-01-01,2024-06-30,9,7,2,CTX_INTERMEDIATION_DETERIORATION|CTX_INTERMEDIATION_PEER_HIGH|CTX_PROVISION_DETERIORATION|OPENED_VOLUME_PRESSURE|OVER_8_WEEKS_HIGH|UPHELD_DETERIORATION|UPHELD_PEER_HIGH,16,12,"{""complaint_outcome"": {""cap"": 4, ""capped_points"": 4, ""uncapped_points"": 5}, ""context_rate"": {""cap"": 4, ""capped_points"": 4, ""uncapped_points"": 7}, ""timeliness"": {""cap"": 3, ""capped_points"": 3, ""uncapped_points"": 3}, ""volume_pressure"": {""cap"": 2, ""capped_points"": 1, ""uncapped_points"": 1}}",4,2,14,broad,priority_review,fca_complaint_early_warning_v2_candidate,analytical_candidate_pending_business_review,4,complaint_outcome|context_rate|timeliness|volume_pressure,OVER_8_WEEKS_HIGH|UPHELD_PEER_HIGH,20386.0,23636.0,0.817,0.6331,4.82,23.53,matched,,,,retain_priority_review,"Score 14 from 7 rules across 4 independent signal families (complaint_outcome|context_rate|timeliness|volume_pressure). Persistent rules: OVER_8_WEEKS_HIGH|UPHELD_PEER_HIGH. Multiple or reinforced signals support retaining priority-review status. This is prioritisation evidence, not a harm finding.",,,,,structured_analytical_review_v1,Codex,2026-07-20,pending_business_review
FRN:211468,2023-H1,2022-10-01 to 2023-03-31,banking_and_credit_cards,AJ Bell Management Limited,211468.0,2022-10-01,2023-03-31,7,4,2,CTX_PROVISION_DETERIORATION|CTX_PROVISION_PEER_HIGH|OPENED_EXCEPTIONAL_GROWTH|UPHELD_DETERIORATION,9,8,"{""complaint_outcome"": {""cap"": 4, ""capped_points"": 2, ""uncapped_points"": 2}, ""context_rate"": {""cap"": 4, ""capped_points"": 4, ""uncapped_points"": 5}, ""timeliness"": {""cap"": 3, ""capped_points"": 0, ""uncapped_points"": 0}, ""volume_pressure"": {""cap"": 2, ""capped_points"": 2, ""uncapped_points"": 2}}",1,2,10,broad,priority_review,fca_complaint_early_warning_v2_candidate,analytical_candidate_pending_business_review,3,complaint_outcome|context_rate|volume_pressure,CTX_PROVISION_DETERIORATION|CTX_PROVISION_PEER_HIGH,106.0,37.0,0.7297297297297297,1.0,48.56,,matched,,,low_closed_denominator_20_to_49,retain_priority_review_with_statistical_caveat,"Score 10 from 4 rules across 3 independent signal families (complaint_outcome|context_rate|volume_pressure). Persistent rules: CTX_PROVISION_DETERIORATION|CTX_PROVISION_PEER_HIGH. Keep in the priority queue, but verify low_closed_denominator_20_to_49 against the source workbook and definitions before relying on the score. This is prioritisation evidence, not a harm finding. Source-check resolution: Workbook confirms 106 opened and 37 closed with the reported percentages. Values are correctly extracted; retain small-denominator caveat.",resolved_with_caveat,retain_priority_review_with_statistical_caveat,Workbook confirms 106 opened and 37 closed with the reported percentages. Values are correctly extracted; retain small-denominator caveat.,firm-level-complaints-data-2023-h1.xlsx: Opened!E16; Closed!E16; Upheld!E16,structured_analytical_review_v1,Codex,2026-07-20,pending_business_review
FRN:221156,2023-H2,2023-07-01 to 2023-12-31,banking_and_credit_cards,Vanquis Bank Limited,221156.0,2023-07-01,2023-12-31,7,4,2,CTX_PROVISION_DETERIORATION|CTX_PROVISION_PEER_HIGH|OPENED_EXCEPTIONAL_GROWTH|OVER_8_WEEKS_HIGH,10,9,"{""complaint_outcome"": {""cap"": 4, ""capped_points"": 0, ""uncapped_points"": 0}, ""context_rate"": {""cap"": 4, ""capped_points"": 4, ""uncapped_points"": 5}, ""timeliness"": {""cap"": 3, ""capped_points"": 3, ""uncapped_points"": 3}, ""volume_pressure"": {""cap"": 2, ""capped_points"": 2, ""uncapped_points"": 2}}",1,2,11,broad,priority_review,fca_complaint_early_warning_v2_candidate,analytical_candidate_pending_business_review,3,context_rate|timeliness|volume_pressure,CTX_PROVISION_DETERIORATION|CTX_PROVISION_PEER_HIGH,29869.0,20745.0,0.2482,0.7838,20.36,,matched,,,,retain_priority_review,"Score 11 from 4 rules across 3 independent signal families (context_rate|timeliness|volume_pressure). Persistent rules: CTX_PROVISION_DETERIORATION|CTX_PROVISION_PEER_HIGH. Multiple or reinforced signals support retaining priority-review status. This is prioritisation evidence, not a harm finding.",,,,,structured_analytical_review_v1,Codex,2026-07-20,pending_business_review
FRN:221156,2024-H1,2024-01-01 to 2024-06-30,banking_and_credit_cards,Vanquis Bank Limited,221156.0,2024-01-01,2024-06-30,7,2,2,CTX_PROVISION_PEER_HIGH|OVER_8_WEEKS_HIGH,6,6,"{""complaint_outcome"": {""cap"": 4, ""capped_points"": 0, ""uncapped_points"": 0}, ""context_rate"": {""cap"": 4, ""capped_points"": 3, ""uncapped_points"": 3}, ""timeliness"": {""cap"": 3, ""capped_points"": 3, ""uncapped_points"": 3}, ""volume_pressure"": {""cap"": 2, ""capped_points"": 0, ""uncapped_points"": 0}}",0,2,8,broad,priority_review,fca_complaint_early_warning_v2_candidate,analytical_candidate_pending_business_review,2,context_rate|timeliness,CTX_PROVISION_PEER_HIGH|OVER_8_WEEKS_HIGH,33775.0,39974.0,0.1507,0.4169,24.08,,matched,,,,retain_priority_review_borderline,"Score 8 from 2 rules across 2 independent signal families (context_rate|timeliness). Persistent rules: CTX_PROVISION_PEER_HIGH|OVER_8_WEEKS_HIGH. This is an exact-boundary case supported by two distinct families; retain for review but rank below stronger priority cases. This is prioritisation evidence, not a harm finding.",,,,,structured_analytical_review_v1,Codex,2026-07-20,pending_business_review
FRN:300792,2022-H2,2022-07-01 to 2022-12-31,home_finance,Legal & General Partnership Services Limited,300792.0,2022-07-01,2022-12-31,5,2,2,OVER_8_WEEKS_HIGH|UPHELD_PEER_HIGH,6,6,"{""complaint_outcome"": {""cap"": 4, ""capped_points"": 3, ""uncapped_points"": 3}, ""context_rate"": {""cap"": 4, ""capped_points"": 0, ""uncapped_points"": 0}, ""timeliness"": {""cap"": 3, ""capped_points"": 3, ""uncapped_points"": 3}, ""volume_pressure"": {""cap"": 2, ""capped_points"": 0, ""uncapped_points"": 0}}",0,2,8,partial,priority_review,fca_complaint_early_warning_v2_candidate,analytical_candidate_pending_business_review,2,complaint_outcome|timeliness,OVER_8_WEEKS_HIGH|UPHELD_PEER_HIGH,975.0,1367.0,0.8786,0.2889,,0.99,matched,,,,retain_priority_review_borderline,"Score 8 from 2 rules across 2 independent signal families (complaint_outcome|timeliness). Persistent rules: OVER_8_WEEKS_HIGH|UPHELD_PEER_HIGH. This is an exact-boundary case supported by two distinct families; retain for review but rank below stronger priority cases. This is prioritisation evidence, not a harm finding.",,,,,structured_analytical_review_v1,Codex,2026-07-20,pending_business_review
FRN:306011,2023-H2,2023-07-01 to 2023-12-31,insurance_and_pure_protection,Action 365 Ltd,306011.0,2023-07-01,2023-12-31,6,4,3,CTX_INTERMEDIATION_DETERIORATION|CTX_INTERMEDIATION_PEER_HIGH|CTX_PROVISION_PEER_HIGH|OVER_8_WEEKS_HIGH,11,7,"{""complaint_outcome"": {""cap"": 4, ""capped_points"": 0, ""uncapped_points"": 0}, ""context_rate"": {""cap"": 4, ""capped_points"": 4, ""uncapped_points"": 8}, ""timeliness"": {""cap"": 3, ""capped_points"": 3, ""uncapped_points"": 3}, ""volume_pressure"": {""cap"": 2, ""capped_points"": 0, ""uncapped_points"": 0}}",4,2,9,broad,priority_review,fca_complaint_early_warning_v2_candidate,analytical_candidate_pending_business_review,2,context_rate|timeliness,CTX_INTERMEDIATION_DETERIORATION|CTX_INTERMEDIATION_PEER_HIGH|CTX_PROVISION_PEER_HIGH,1091.0,1114.0,0.5117,0.8025,13.16,38.31,matched,,,,retain_priority_review,"Score 9 from 4 rules across 2 independent signal families (context_rate|timeliness). Persistent rules: CTX_INTERMEDIATION_DETERIORATION|CTX_INTERMEDIATION_PEER_HIGH|CTX_PROVISION_PEER_HIGH. Multiple or reinforced signals support retaining priority-review status. This is prioritisation evidence, not a harm finding.",,,,,structured_analytical_review_v1,Codex,2026-07-20,pending_business_review
FRN:306011,2024-H1,2024-01-01 to 2024-06-30,insurance_and_pure_protection,Action 365 Ltd,306011.0,2024-01-01,2024-06-30,9,4,3,CTX_INTERMEDIATION_PEER_HIGH|CTX_PROVISION_DETERIORATION|CTX_PROVISION_PEER_HIGH|OVER_8_WEEKS_HIGH,11,7,"{""complaint_outcome"": {""cap"": 4, ""capped_points"": 0, ""uncapped_points"": 0}, ""context_rate"": {""cap"": 4, ""capped_points"": 4, ""uncapped_points"": 8}, ""timeliness"": {""cap"": 3, ""capped_points"": 3, ""uncapped_points"": 3}, ""volume_pressure"": {""cap"": 2, ""capped_points"": 0, ""uncapped_points"": 0}}",4,2,9,broad,priority_review,fca_complaint_early_warning_v2_candidate,analytical_candidate_pending_business_review,2,context_rate|timeliness,CTX_INTERMEDIATION_PEER_HIGH|CTX_PROVISION_PEER_HIGH|OVER_8_WEEKS_HIGH,997.0,1127.0,0.3531,0.7489,20.4,34.03,matched,,,,retain_priority_review,"Score 9 from 4 rules across 2 independent signal families (context_rate|timeliness). Persistent rules: CTX_INTERMEDIATION_PEER_HIGH|CTX_PROVISION_PEER_HIGH|OVER_8_WEEKS_HIGH. Multiple or reinforced signals support retaining priority-review status. This is prioritisation evidence, not a harm finding.",,,,,structured_analytical_review_v1,Codex,2026-07-20,pending_business_review
FRN:309611,2024-H1,2024-01-01 to 2024-06-30,insurance_and_pure_protection,Complete Cover Group Ltd,309611.0,2024-01-01,2024-06-30,9,5,1,CTX_INTERMEDIATION_PEER_HIGH|CTX_PROVISION_DETERIORATION|CTX_PROVISION_PEER_HIGH|UPHELD_DETERIORATION|UPHELD_PEER_HIGH,13,8,"{""complaint_outcome"": {""cap"": 4, ""capped_points"": 4, ""uncapped_points"": 5}, ""context_rate"": {""cap"": 4, ""capped_points"": 4, ""uncapped_points"": 8}, ""timeliness"": {""cap"": 3, ""capped_points"": 0, ""uncapped_points"": 0}, ""volume_pressure"": {""cap"": 2, ""capped_points"": 0, ""uncapped_points"": 0}}",5,1,9,broad,priority_review,fca_complaint_early_warning_v2_candidate,analytical_candidate_pending_business_review,2,complaint_outcome|context_rate,CTX_INTERMEDIATION_PEER_HIGH,900.0,835.0,0.7317,0.9964,12.04,27.63,matched,,,,retain_priority_review,"Score 9 from 5 rules across 2 independent signal families (complaint_outcome|context_rate). Persistent rules: CTX_INTERMEDIATION_PEER_HIGH. Multiple or reinforced signals support retaining priority-review status. This is prioritisation evidence, not a harm finding.",,,,,structured_analytical_review_v1,Codex,2026-07-20,pending_business_review
FRN:311908,2021-H2,2021-04-01 to 2021-09-30,insurance_and_pure_protection,Frasers Group Financial Services Limited,311908.0,2021-04-01,2021-09-30,5,2,2,OVER_8_WEEKS_HIGH|UPHELD_PEER_HIGH,6,6,"{""complaint_outcome"": {""cap"": 4, ""capped_points"": 3, ""uncapped_points"": 3}, ""context_rate"": {""cap"": 4, ""capped_points"": 0, ""uncapped_points"": 0}, ""timeliness"": {""cap"": 3, ""capped_points"": 3, ""uncapped_points"": 3}, ""volume_pressure"": {""cap"": 2, ""capped_points"": 0, ""uncapped_points"": 0}}",0,2,8,partial,priority_review,fca_complaint_early_warning_v2_candidate,analytical_candidate_pending_business_review,2,complaint_outcome|timeliness,OVER_8_WEEKS_HIGH|UPHELD_PEER_HIGH,22.0,41.0,0.805,0.415,,,matched,,,low_closed_denominator_20_to_49,retain_priority_review_with_statistical_caveat,"Score 8 from 2 rules across 2 independent signal families (complaint_outcome|timeliness). Persistent rules: OVER_8_WEEKS_HIGH|UPHELD_PEER_HIGH. Keep in the priority queue, but verify low_closed_denominator_20_to_49 against the source workbook and definitions before relying on the score. This is prioritisation evidence, not a harm finding. Source-check resolution: The source workbook reports this observation under its historical name Studio Retail Limited and confirms 22 opened, 41 closed and 80.5% upheld. Official FCA evidence identifies Studio Retail Limited as FRN 311908; Companies House records its later name as Frasers Group Financial Services Limited. Retain small-denominator caveat.",resolved_with_caveat,retain_priority_review_with_statistical_caveat,"The source workbook reports this observation under its historical name Studio Retail Limited and confirms 22 opened, 41 closed and 80.5% upheld. Official FCA evidence identifies Studio Retail Limited as FRN 311908; Companies House records its later name as Frasers Group Financial Services Limited. Retain small-denominator caveat.",firm-level-complaints-data-2021-h2.xlsx: Opened!H187; Closed!H186; Upheld!H186; FCA FOI annex FRN 311908,structured_analytical_review_v1,Codex,2026-07-20,pending_business_review
FRN:311909,2022-H1,2022-01-01 to 2022-06-30,insurance_and_pure_protection,AWP Assistance UK Ltd,311909.0,2022-01-01,2022-06-30,9,3,1,OVER_8_WEEKS_HIGH|UPHELD_DETERIORATION|UPHELD_PEER_HIGH,8,7,"{""complaint_outcome"": {""cap"": 4, ""capped_points"": 4, ""uncapped_points"": 5}, ""context_rate"": {""cap"": 4, ""capped_points"": 0, ""uncapped_points"": 0}, ""timeliness"": {""cap"": 3, ""capped_points"": 3, ""uncapped_points"": 3}, ""volume_pressure"": {""cap"": 2, ""capped_points"": 0, ""uncapped_points"": 0}}",1,1,8,broad,priority_review,fca_complaint_early_warning_v2_candidate,analytical_candidate_pending_business_review,2,complaint_outcome|timeliness,OVER_8_WEEKS_HIGH,2366.0,1848.0,0.7974,0.8728,0.95,0.95,matched,,,,retain_priority_review_borderline,"Score 8 from 3 rules across 2 independent signal families (complaint_outcome|timeliness). Persistent rules: OVER_8_WEEKS_HIGH. This is an exact-boundary case supported by two distinct families; retain for review but rank below stronger priority cases. This is prioritisation evidence, not a harm finding.",,,,,structured_analytical_review_v1,Codex,2026-07-20,pending_business_review
FRN:312989,2025-H2,2025-07-01 to 2025-12-31,insurance_and_pure_protection,LeasePlan UK Limited,312989.0,2025-07-01,2025-12-31,5,2,2,OVER_8_WEEKS_HIGH|UPHELD_PEER_HIGH,6,6,"{""complaint_outcome"": {""cap"": 4, ""capped_points"": 3, ""uncapped_points"": 3}, ""context_rate"": {""cap"": 4, ""capped_points"": 0, ""uncapped_points"": 0}, ""timeliness"": {""cap"": 3, ""capped_points"": 3, ""uncapped_points"": 3}, ""volume_pressure"": {""cap"": 2, ""capped_points"": 0, ""uncapped_points"": 0}}",0,2,8,partial,priority_review,fca_complaint_early_warning_v2_candidate,analytical_candidate_pending_business_review,2,complaint_outcome|timeliness,OVER_8_WEEKS_HIGH|UPHELD_PEER_HIGH,23.0,21.0,0.7619,0.7619,,,matched,,,low_closed_denominator_20_to_49,retain_priority_review_with_statistical_caveat,"Score 8 from 2 rules across 2 independent signal families (complaint_outcome|timeliness). Persistent rules: OVER_8_WEEKS_HIGH|UPHELD_PEER_HIGH. Keep in the priority queue, but verify low_closed_denominator_20_to_49 against the source workbook and definitions before relying on the score. This is prioritisation evidence, not a harm finding. Source-check resolution: Workbook confirms 23 opened, 21 closed, 76.19% upheld and the reported closure percentages. Values are correctly extracted; retain small-denominator caveat.",resolved_with_caveat,retain_priority_review_with_statistical_caveat,"Workbook confirms 23 opened, 21 closed, 76.19% upheld and the reported closure percentages. Values are correctly extracted; retain small-denominator caveat.",firm-level-complaints-data-2025-h2.xlsx: Opened!H119; Closed!H119; Percentage upheld!H119,structured_analytical_review_v1,Codex,2026-07-20,pending_business_review
FRN:313153,2021-H2,2021-07-01 to 2021-12-31,banking_and_credit_cards,Creation Financial Services Limited,313153.0,2021-07-01,2021-12-31,7,3,2,CTX_PROVISION_DETERIORATION|CTX_PROVISION_PEER_HIGH|OVER_8_WEEKS_HIGH,8,7,"{""complaint_outcome"": {""cap"": 4, ""capped_points"": 0, ""uncapped_points"": 0}, ""context_rate"": {""cap"": 4, ""capped_points"": 4, ""uncapped_points"": 5}, ""timeliness"": {""cap"": 3, ""capped_points"": 3, ""uncapped_points"": 3}, ""volume_pressure"": {""cap"": 2, ""capped_points"": 0, ""uncapped_points"": 0}}",1,2,9,broad,priority_review,fca_complaint_early_warning_v2_candidate,analytical_candidate_pending_business_review,2,context_rate|timeliness,CTX_PROVISION_PEER_HIGH|OVER_8_WEEKS_HIGH,1724.0,843.0,0.35,0.883,11.63,,matched,,,,retain_priority_review,"Score 9 from 3 rules across 2 independent signal families (context_rate|timeliness). Persistent rules: CTX_PROVISION_PEER_HIGH|OVER_8_WEEKS_HIGH. Multiple or reinforced signals support retaining priority-review status. This is prioritisation evidence, not a harm finding.",,,,,structured_analytical_review_v1,Codex,2026-07-20,pending_business_review
FRN:313153,2021-H2,2021-07-01 to 2021-12-31,insurance_and_pure_protection,Creation Financial Services Limited,313153.0,2021-07-01,2021-12-31,7,2,2,CTX_PROVISION_PEER_HIGH|OVER_8_WEEKS_HIGH,6,6,"{""complaint_outcome"": {""cap"": 4, ""capped_points"": 0, ""uncapped_points"": 0}, ""context_rate"": {""cap"": 4, ""capped_points"": 3, ""uncapped_points"": 3}, ""timeliness"": {""cap"": 3, ""capped_points"": 3, ""uncapped_points"": 3}, ""volume_pressure"": {""cap"": 2, ""capped_points"": 0, ""uncapped_points"": 0}}",0,2,8,broad,priority_review,fca_complaint_early_warning_v2_candidate,analytical_candidate_pending_business_review,2,context_rate|timeliness,CTX_PROVISION_PEER_HIGH|OVER_8_WEEKS_HIGH,17.0,20.0,0.3,0.4,8.69,,matched,,,low_closed_denominator_20_to_49,retain_priority_review_with_statistical_caveat,"Score 8 from 2 rules across 2 independent signal families (context_rate|timeliness). Persistent rules: CTX_PROVISION_PEER_HIGH|OVER_8_WEEKS_HIGH. Keep in the priority queue, but verify low_closed_denominator_20_to_49 against the source workbook and definitions before relying on the score. This is prioritisation evidence, not a harm finding. Source-check resolution: Workbook confirms 17 opened, 20 closed, 30% upheld, 40% closed after 3 days within 8 weeks and context rate 8.69. Values are correctly extracted; retain small-denominator caveat.",resolved_with_caveat,retain_priority_review_with_statistical_caveat,"Workbook confirms 17 opened, 20 closed, 30% upheld, 40% closed after 3 days within 8 weeks and context rate 8.69. Values are correctly extracted; retain small-denominator caveat.",firm-level-complaints-data-2021-h2.xlsx: Opened!H63; Closed!H63; Upheld!H63; Context - Provision!H52,structured_analytical_review_v1,Codex,2026-07-20,pending_business_review
FRN:313153,2022-H1,2022-01-01 to 2022-06-30,banking_and_credit_cards,Creation Financial Services Limited,313153.0,2022-01-01,2022-06-30,7,2,2,CTX_PROVISION_PEER_HIGH|OVER_8_WEEKS_HIGH,6,6,"{""complaint_outcome"": {""cap"": 4, ""capped_points"": 0, ""uncapped_points"": 0}, ""context_rate"": {""cap"": 4, ""capped_points"": 3, ""uncapped_points"": 3}, ""timeliness"": {""cap"": 3, ""capped_points"": 3, ""uncapped_points"": 3}, ""volume_pressure"": {""cap"": 2, ""capped_points"": 0, ""uncapped_points"": 0}}",0,2,8,broad,priority_review,fca_complaint_early_warning_v2_candidate,analytical_candidate_pending_business_review,2,context_rate|timeliness,CTX_PROVISION_PEER_HIGH|OVER_8_WEEKS_HIGH,1253.0,1674.0,0.3447,0.577,9.86,,matched,,,,retain_priority_review_borderline,"Score 8 from 2 rules across 2 independent signal families (context_rate|timeliness). Persistent rules: CTX_PROVISION_PEER_HIGH|OVER_8_WEEKS_HIGH. This is an exact-boundary case supported by two distinct families; retain for review but rank below stronger priority cases. This is prioritisation evidence, not a harm finding.",,,,,structured_analytical_review_v1,Codex,2026-07-20,pending_business_review
FRN:313153,2022-H2,2022-07-01 to 2022-12-31,banking_and_credit_cards,Creation Financial Services Limited,313153.0,2022-07-01,2022-12-31,7,2,2,CTX_PROVISION_PEER_HIGH|OVER_8_WEEKS_HIGH,6,6,"{""complaint_outcome"": {""cap"": 4, ""capped_points"": 0, ""uncapped_points"": 0}, ""context_rate"": {""cap"": 4, ""capped_points"": 3, ""uncapped_points"": 3}, ""timeliness"": {""cap"": 3, ""capped_points"": 3, ""uncapped_points"": 3}, ""volume_pressure"": {""cap"": 2, ""capped_points"": 0, ""uncapped_points"": 0}}",0,2,8,broad,priority_review,fca_complaint_early_warning_v2_candidate,analytical_candidate_pending_business_review,2,context_rate|timeliness,CTX_PROVISION_PEER_HIGH|OVER_8_WEEKS_HIGH,1087.0,1578.0,0.365,0.7453000000000001,9.85,,matched,,,,retain_priority_review_borderline,"Score 8 from 2 rules across 2 independent signal families (context_rate|timeliness). Persistent rules: CTX_PROVISION_PEER_HIGH|OVER_8_WEEKS_HIGH. This is an exact-boundary case supported by two distinct families; retain for review but rank below stronger priority cases. This is prioritisation evidence, not a harm finding.",,,,,structured_analytical_review_v1,Codex,2026-07-20,pending_business_review
FRN:313153,2023-H1,2023-01-01 to 2023-06-30,insurance_and_pure_protection,Creation Financial Services Limited,313153.0,2023-01-01,2023-06-30,8,4,0,CTX_PROVISION_DETERIORATION|CTX_PROVISION_PEER_HIGH|OPENED_EXCEPTIONAL_GROWTH|OVER_8_WEEKS_HIGH,10,9,"{""complaint_outcome"": {""cap"": 4, ""capped_points"": 0, ""uncapped_points"": 0}, ""context_rate"": {""cap"": 4, ""capped_points"": 4, ""uncapped_points"": 5}, ""timeliness"": {""cap"": 3, ""capped_points"": 3, ""uncapped_points"": 3}, ""volume_pressure"": {""cap"": 2, ""capped_points"": 2, ""uncapped_points"": 2}}",1,0,9,broad,priority_review,fca_complaint_early_warning_v2_candidate,analytical_candidate_pending_business_review,3,context_rate|timeliness|volume_pressure,,374.0,305.0,0.3934426229508196,0.0,191.21,0.0,matched,,,,retain_priority_review,"Score 9 from 4 rules across 3 independent signal families (context_rate|timeliness|volume_pressure). No rule persisted from the prior period. Multiple or reinforced signals support retaining priority-review status. This is prioritisation evidence, not a harm finding.",,,,,structured_analytical_review_v1,Codex,2026-07-20,pending_business_review
FRN:313153,2024-H1,2024-01-01 to 2024-06-30,banking_and_credit_cards,Creation Financial Services Limited,313153.0,2024-01-01,2024-06-30,7,2,2,CTX_PROVISION_PEER_HIGH|OVER_8_WEEKS_HIGH,6,6,"{""complaint_outcome"": {""cap"": 4, ""capped_points"": 0, ""uncapped_points"": 0}, ""context_rate"": {""cap"": 4, ""capped_points"": 3, ""uncapped_points"": 3}, ""timeliness"": {""cap"": 3, ""capped_points"": 3, ""uncapped_points"": 3}, ""volume_pressure"": {""cap"": 2, ""capped_points"": 0, ""uncapped_points"": 0}}",0,2,8,broad,priority_review,fca_complaint_early_warning_v2_candidate,analytical_candidate_pending_business_review,2,context_rate|timeliness,CTX_PROVISION_PEER_HIGH|OVER_8_WEEKS_HIGH,667.0,713.0,0.4614,0.7531,9.05,,matched,,,,retain_priority_review_borderline,"Score 8 from 2 rules across 2 independent signal families (context_rate|timeliness). Persistent rules: CTX_PROVISION_PEER_HIGH|OVER_8_WEEKS_HIGH. This is an exact-boundary case supported by two distinct families; retain for review but rank below stronger priority cases. This is prioritisation evidence, not a harm finding.",,,,,structured_analytical_review_v1,Codex,2026-07-20,pending_business_review
FRN:313409,2021-H1,01-01-2021 to 30-06-2021,insurance_and_pure_protection,Black Horse Limited,313409.0,2021-01-01,2021-06-30,3,3,0,CTX_PROVISION_PEER_HIGH|OVER_8_WEEKS_HIGH|UPHELD_PEER_HIGH,9,9,"{""complaint_outcome"": {""cap"": 4, ""capped_points"": 3, ""uncapped_points"": 3}, ""context_rate"": {""cap"": 4, ""capped_points"": 3, ""uncapped_points"": 3}, ""timeliness"": {""cap"": 3, ""capped_points"": 3, ""uncapped_points"": 3}, ""volume_pressure"": {""cap"": 2, ""capped_points"": 0, ""uncapped_points"": 0}}",0,0,9,partial,priority_review,fca_complaint_early_warning_v2_candidate,analytical_candidate_pending_business_review,3,complaint_outcome|context_rate|timeliness,,5781.0,9998.0,0.7273454690938188,0.1174234846969393,722625.0,,matched,,,context_rate_above_1000_check_units,retain_priority_review_with_definition_caveat,"Score 9 from 3 rules across 3 independent signal families (complaint_outcome|context_rate|timeliness). No rule persisted from the prior period. Keep in the priority queue, but verify context_rate_above_1000_check_units against the source workbook and definitions before relying on the score. This is prioritisation evidence, not a harm finding. Source-check resolution: Workbook cell H34 contains 722625. FCA Notes explain unusually high insurance/PPI context figures can result from shorter-period or policies-in-force denominators. Preserve the source value and attach the definition caveat.",resolved_with_definition,retain_priority_review_with_definition_caveat,Workbook cell H34 contains 722625. FCA Notes explain unusually high insurance/PPI context figures can result from shorter-period or policies-in-force denominators. Preserve the source value and attach the definition caveat.,firm-level-complaints-data-2021-h1.xlsx: Context (Provision)!H34; Notes row 6,structured_analytical_review_v1,Codex,2026-07-20,pending_business_review
FRN:313409,2021-H2,2021-07-01 to 2021-12-31,insurance_and_pure_protection,Black Horse Limited,313409.0,2021-07-01,2021-12-31,7,4,3,CTX_PROVISION_PEER_HIGH|OVER_8_WEEKS_HIGH|UPHELD_DETERIORATION|UPHELD_PEER_HIGH,11,10,"{""complaint_outcome"": {""cap"": 4, ""capped_points"": 4, ""uncapped_points"": 5}, ""context_rate"": {""cap"": 4, ""capped_points"": 3, ""uncapped_points"": 3}, ""timeliness"": {""cap"": 3, ""capped_points"": 3, ""uncapped_points"": 3}, ""volume_pressure"": {""cap"": 2, ""capped_points"": 0, ""uncapped_points"": 0}}",1,2,12,broad,priority_review,fca_complaint_early_warning_v2_candidate,analytical_candidate_pending_business_review,3,complaint_outcome|context_rate|timeliness,CTX_PROVISION_PEER_HIGH|OVER_8_WEEKS_HIGH|UPHELD_PEER_HIGH,1466.0,1752.0,0.826,0.517,209428.57,,matched,,,context_rate_above_1000_check_units,retain_priority_review_with_definition_caveat,"Score 12 from 4 rules across 3 independent signal families (complaint_outcome|context_rate|timeliness). Persistent rules: CTX_PROVISION_PEER_HIGH|OVER_8_WEEKS_HIGH|UPHELD_PEER_HIGH. Keep in the priority queue, but verify context_rate_above_1000_check_units against the source workbook and definitions before relying on the score. This is prioritisation evidence, not a harm finding. Source-check resolution: Workbook cell H32 contains 209428.57. FCA Notes explain unusually high insurance/PPI context figures can result from shorter-period or policies-in-force denominators. Preserve the source value and attach the definition caveat.",resolved_with_definition,retain_priority_review_with_definition_caveat,Workbook cell H32 contains 209428.57. FCA Notes explain unusually high insurance/PPI context figures can result from shorter-period or policies-in-force denominators. Preserve the source value and attach the definition caveat.,firm-level-complaints-data-2021-h2.xlsx: Context - Provision!H32; Notes row 6,structured_analytical_review_v1,Codex,2026-07-20,pending_business_review
FRN:313409,2022-H1,2022-01-01 to 2022-06-30,insurance_and_pure_protection,Black Horse Limited,313409.0,2022-01-01,2022-06-30,5,2,2,CTX_PROVISION_PEER_HIGH|OVER_8_WEEKS_HIGH,6,6,"{""complaint_outcome"": {""cap"": 4, ""capped_points"": 0, ""uncapped_points"": 0}, ""context_rate"": {""cap"": 4, ""capped_points"": 3, ""uncapped_points"": 3}, ""timeliness"": {""cap"": 3, ""capped_points"": 3, ""uncapped_points"": 3}, ""volume_pressure"": {""cap"": 2, ""capped_points"": 0, ""uncapped_points"": 0}}",0,2,8,partial,priority_review,fca_complaint_early_warning_v2_candidate,analytical_candidate_pending_business_review,2,context_rate|timeliness,CTX_PROVISION_PEER_HIGH|OVER_8_WEEKS_HIGH,395.0,695.0,,0.082,79000.0,,matched,,,context_rate_above_1000_check_units,retain_priority_review_with_definition_caveat,"Score 8 from 2 rules across 2 independent signal families (context_rate|timeliness). Persistent rules: CTX_PROVISION_PEER_HIGH|OVER_8_WEEKS_HIGH. Keep in the priority queue, but verify context_rate_above_1000_check_units against the source workbook and definitions before relying on the score. This is prioritisation evidence, not a harm finding. Source-check resolution: Workbook cell H33 contains 79000. FCA Notes explain unusually high insurance/PPI context figures can result from shorter-period or policies-in-force denominators. Preserve the source value and attach the definition caveat.",resolved_with_definition,retain_priority_review_with_definition_caveat,Workbook cell H33 contains 79000. FCA Notes explain unusually high insurance/PPI context figures can result from shorter-period or policies-in-force denominators. Preserve the source value and attach the definition caveat.,firm-level-complaints-data-2022-h1.xlsx: Context A Provision!H33; Notes row 6,structured_analytical_review_v1,Codex,2026-07-20,pending_business_review
FRN:460698,2021-H2,2021-07-01 to 2021-12-31,decumulation_and_pensions,JAMES HAY ADMINISTRATION COMPANY LIMITED,460698.0,2021-07-01,2021-12-31,7,2,2,CTX_PROVISION_PEER_HIGH|OVER_8_WEEKS_HIGH,6,6,"{""complaint_outcome"": {""cap"": 4, ""capped_points"": 0, ""uncapped_points"": 0}, ""context_rate"": {""cap"": 4, ""capped_points"": 3, ""uncapped_points"": 3}, ""timeliness"": {""cap"": 3, ""capped_points"": 3, ""uncapped_points"": 3}, ""volume_pressure"": {""cap"": 2, ""capped_points"": 0, ""uncapped_points"": 0}}",0,2,8,broad,priority_review,fca_complaint_early_warning_v2_candidate,analytical_candidate_pending_business_review,2,context_rate|timeliness,CTX_PROVISION_PEER_HIGH|OVER_8_WEEKS_HIGH,550.0,916.0,0.682,0.4599999999999999,10.65,,matched,,,,retain_priority_review_borderline,"Score 8 from 2 rules across 2 independent signal families (context_rate|timeliness). Persistent rules: CTX_PROVISION_PEER_HIGH|OVER_8_WEEKS_HIGH. This is an exact-boundary case supported by two distinct families; retain for review but rank below stronger priority cases. This is prioritisation evidence, not a harm finding.",,,,,structured_analytical_review_v1,Codex,2026-07-20,pending_business_review
FRN:490568,2021-H2,2021-07-01 to 2021-12-31,insurance_and_pure_protection,British Gas Services Limited,490568.0,2021-07-01,2021-12-31,7,2,2,CTX_PROVISION_PEER_HIGH|UPHELD_PEER_HIGH,6,6,"{""complaint_outcome"": {""cap"": 4, ""capped_points"": 3, ""uncapped_points"": 3}, ""context_rate"": {""cap"": 4, ""capped_points"": 3, ""uncapped_points"": 3}, ""timeliness"": {""cap"": 3, ""capped_points"": 0, ""uncapped_points"": 0}, ""volume_pressure"": {""cap"": 2, ""capped_points"": 0, ""uncapped_points"": 0}}",0,2,8,broad,priority_review,fca_complaint_early_warning_v2_candidate,analytical_candidate_pending_business_review,2,complaint_outcome|context_rate,CTX_PROVISION_PEER_HIGH|UPHELD_PEER_HIGH,147339.0,138909.0,0.97,0.978,20.35,,matched,,,,retain_priority_review_borderline,"Score 8 from 2 rules across 2 independent signal families (complaint_outcome|context_rate). Persistent rules: CTX_PROVISION_PEER_HIGH|UPHELD_PEER_HIGH. This is an exact-boundary case supported by two distinct families; retain for review but rank below stronger priority cases. This is prioritisation evidence, not a harm finding.",,,,,structured_analytical_review_v1,Codex,2026-07-20,pending_business_review
FRN:490568,2022-H1,2022-01-01 to 2022-06-30,insurance_and_pure_protection,British Gas Services Limited,490568.0,2022-01-01,2022-06-30,7,2,2,CTX_PROVISION_PEER_HIGH|UPHELD_PEER_HIGH,6,6,"{""complaint_outcome"": {""cap"": 4, ""capped_points"": 3, ""uncapped_points"": 3}, ""context_rate"": {""cap"": 4, ""capped_points"": 3, ""uncapped_points"": 3}, ""timeliness"": {""cap"": 3, ""capped_points"": 0, ""uncapped_points"": 0}, ""volume_pressure"": {""cap"": 2, ""capped_points"": 0, ""uncapped_points"": 0}}",0,2,8,broad,priority_review,fca_complaint_early_warning_v2_candidate,analytical_candidate_pending_business_review,2,complaint_outcome|context_rate,CTX_PROVISION_PEER_HIGH|UPHELD_PEER_HIGH,163040.0,169634.0,0.9863,0.9325,23.82,,matched,,,,retain_priority_review_borderline,"Score 8 from 2 rules across 2 independent signal families (complaint_outcome|context_rate). Persistent rules: CTX_PROVISION_PEER_HIGH|UPHELD_PEER_HIGH. This is an exact-boundary case supported by two distinct families; retain for review but rank below stronger priority cases. This is prioritisation evidence, not a harm finding.",,,,,structured_analytical_review_v1,Codex,2026-07-20,pending_business_review
FRN:490568,2022-H2,2022-07-01 to 2022-12-31,insurance_and_pure_protection,British Gas Services Limited,490568.0,2022-07-01,2022-12-31,7,2,2,CTX_PROVISION_PEER_HIGH|UPHELD_PEER_HIGH,6,6,"{""complaint_outcome"": {""cap"": 4, ""capped_points"": 3, ""uncapped_points"": 3}, ""context_rate"": {""cap"": 4, ""capped_points"": 3, ""uncapped_points"": 3}, ""timeliness"": {""cap"": 3, ""capped_points"": 0, ""uncapped_points"": 0}, ""volume_pressure"": {""cap"": 2, ""capped_points"": 0, ""uncapped_points"": 0}}",0,2,8,broad,priority_review,fca_complaint_early_warning_v2_candidate,analytical_candidate_pending_business_review,2,complaint_outcome|context_rate,CTX_PROVISION_PEER_HIGH|UPHELD_PEER_HIGH,83269.0,77951.0,0.9879,0.9299,13.22,,matched,,,,retain_priority_review_borderline,"Score 8 from 2 rules across 2 independent signal families (complaint_outcome|context_rate). Persistent rules: CTX_PROVISION_PEER_HIGH|UPHELD_PEER_HIGH. This is an exact-boundary case supported by two distinct families; retain for review but rank below stronger priority cases. This is prioritisation evidence, not a harm finding.",,,,,structured_analytical_review_v1,Codex,2026-07-20,pending_business_review
FRN:490568,2023-H1,2023-01-01 to 2023-06-30,insurance_and_pure_protection,British Gas Services Limited,490568.0,2023-01-01,2023-06-30,7,3,2,CTX_PROVISION_PEER_HIGH|OVER_8_WEEKS_HIGH|UPHELD_PEER_HIGH,9,9,"{""complaint_outcome"": {""cap"": 4, ""capped_points"": 3, ""uncapped_points"": 3}, ""context_rate"": {""cap"": 4, ""capped_points"": 3, ""uncapped_points"": 3}, ""timeliness"": {""cap"": 3, ""capped_points"": 3, ""uncapped_points"": 3}, ""volume_pressure"": {""cap"": 2, ""capped_points"": 0, ""uncapped_points"": 0}}",0,2,11,broad,priority_review,fca_complaint_early_warning_v2_candidate,analytical_candidate_pending_business_review,3,complaint_outcome|context_rate|timeliness,CTX_PROVISION_PEER_HIGH|UPHELD_PEER_HIGH,76364.0,85376.0,0.9885447901049476,0.8438319902548725,13.09,,matched,,,,retain_priority_review,"Score 11 from 3 rules across 3 independent signal families (complaint_outcome|context_rate|timeliness). Persistent rules: CTX_PROVISION_PEER_HIGH|UPHELD_PEER_HIGH. Multiple or reinforced signals support retaining priority-review status. This is prioritisation evidence, not a harm finding.",,,,,structured_analytical_review_v1,Codex,2026-07-20,pending_business_review
FRN:490568,2023-H2,2023-07-01 to 2023-12-31,insurance_and_pure_protection,British Gas Services Limited,490568.0,2023-07-01,2023-12-31,7,2,2,CTX_PROVISION_PEER_HIGH|UPHELD_PEER_HIGH,6,6,"{""complaint_outcome"": {""cap"": 4, ""capped_points"": 3, ""uncapped_points"": 3}, ""context_rate"": {""cap"": 4, ""capped_points"": 3, ""uncapped_points"": 3}, ""timeliness"": {""cap"": 3, ""capped_points"": 0, ""uncapped_points"": 0}, ""volume_pressure"": {""cap"": 2, ""capped_points"": 0, ""uncapped_points"": 0}}",0,2,8,broad,priority_review,fca_complaint_early_warning_v2_candidate,analytical_candidate_pending_business_review,2,complaint_outcome|context_rate,CTX_PROVISION_PEER_HIGH|UPHELD_PEER_HIGH,57918.0,59104.0,0.9764,0.9486,10.17,,matched,,,,retain_priority_review_borderline,"Score 8 from 2 rules across 2 independent signal families (complaint_outcome|context_rate). Persistent rules: CTX_PROVISION_PEER_HIGH|UPHELD_PEER_HIGH. This is an exact-boundary case supported by two distinct families; retain for review but rank below stronger priority cases. This is prioritisation evidence, not a harm finding.",,,,,structured_analytical_review_v1,Codex,2026-07-20,pending_business_review
FRN:490568,2024-H1,2024-01-01 to 2024-06-30,insurance_and_pure_protection,British Gas Services Limited,490568.0,2024-01-01,2024-06-30,7,2,2,CTX_PROVISION_PEER_HIGH|UPHELD_PEER_HIGH,6,6,"{""complaint_outcome"": {""cap"": 4, ""capped_points"": 3, ""uncapped_points"": 3}, ""context_rate"": {""cap"": 4, ""capped_points"": 3, ""uncapped_points"": 3}, ""timeliness"": {""cap"": 3, ""capped_points"": 0, ""uncapped_points"": 0}, ""volume_pressure"": {""cap"": 2, ""capped_points"": 0, ""uncapped_points"": 0}}",0,2,8,broad,priority_review,fca_complaint_early_warning_v2_candidate,analytical_candidate_pending_business_review,2,complaint_outcome|context_rate,CTX_PROVISION_PEER_HIGH|UPHELD_PEER_HIGH,55282.0,55872.0,0.9636,0.9617,9.94,,matched,,,,retain_priority_review_borderline,"Score 8 from 2 rules across 2 independent signal families (complaint_outcome|context_rate). Persistent rules: CTX_PROVISION_PEER_HIGH|UPHELD_PEER_HIGH. This is an exact-boundary case supported by two distinct families; retain for review but rank below stronger priority cases. This is prioritisation evidence, not a harm finding.",,,,,structured_analytical_review_v1,Codex,2026-07-20,pending_business_review
FRN:490568,2024-H2,2024-07-01 to 2024-12-31,insurance_and_pure_protection,British Gas Services Limited,490568.0,2024-07-01,2024-12-31,7,2,2,CTX_PROVISION_PEER_HIGH|UPHELD_PEER_HIGH,6,6,"{""complaint_outcome"": {""cap"": 4, ""capped_points"": 3, ""uncapped_points"": 3}, ""context_rate"": {""cap"": 4, ""capped_points"": 3, ""uncapped_points"": 3}, ""timeliness"": {""cap"": 3, ""capped_points"": 0, ""uncapped_points"": 0}, ""volume_pressure"": {""cap"": 2, ""capped_points"": 0, ""uncapped_points"": 0}}",0,2,8,broad,priority_review,fca_complaint_early_warning_v2_candidate,analytical_candidate_pending_business_review,2,complaint_outcome|context_rate,CTX_PROVISION_PEER_HIGH|UPHELD_PEER_HIGH,57808.0,56598.0,0.9549,0.9669,10.5,,matched,,,,retain_priority_review_borderline,"Score 8 from 2 rules across 2 independent signal families (complaint_outcome|context_rate). Persistent rules: CTX_PROVISION_PEER_HIGH|UPHELD_PEER_HIGH. This is an exact-boundary case supported by two distinct families; retain for review but rank below stronger priority cases. This is prioritisation evidence, not a harm finding.",,,,,structured_analytical_review_v1,Codex,2026-07-20,pending_business_review
FRN:490568,2025-H1,2025-01-01 to 2025-06-30,insurance_and_pure_protection,British Gas Services Limited,490568.0,2025-01-01,2025-06-30,7,2,2,CTX_PROVISION_PEER_HIGH|UPHELD_PEER_HIGH,6,6,"{""complaint_outcome"": {""cap"": 4, ""capped_points"": 3, ""uncapped_points"": 3}, ""context_rate"": {""cap"": 4, ""capped_points"": 3, ""uncapped_points"": 3}, ""timeliness"": {""cap"": 3, ""capped_points"": 0, ""uncapped_points"": 0}, ""volume_pressure"": {""cap"": 2, ""capped_points"": 0, ""uncapped_points"": 0}}",0,2,8,broad,priority_review,fca_complaint_early_warning_v2_candidate,analytical_candidate_pending_business_review,2,complaint_outcome|context_rate,CTX_PROVISION_PEER_HIGH|UPHELD_PEER_HIGH,51725.0,52837.0,0.9492,0.9505,9.56,,matched,,,,retain_priority_review_borderline,"Score 8 from 2 rules across 2 independent signal families (complaint_outcome|context_rate). Persistent rules: CTX_PROVISION_PEER_HIGH|UPHELD_PEER_HIGH. This is an exact-boundary case supported by two distinct families; retain for review but rank below stronger priority cases. This is prioritisation evidence, not a harm finding.",,,,,structured_analytical_review_v1,Codex,2026-07-20,pending_business_review
FRN:490568,2025-H2,2025-07-01 to 2025-12-31,insurance_and_pure_protection,British Gas Services Limited,490568.0,2025-07-01,2025-12-31,7,2,2,CTX_PROVISION_PEER_HIGH|UPHELD_PEER_HIGH,6,6,"{""complaint_outcome"": {""cap"": 4, ""capped_points"": 3, ""uncapped_points"": 3}, ""context_rate"": {""cap"": 4, ""capped_points"": 3, ""uncapped_points"": 3}, ""timeliness"": {""cap"": 3, ""capped_points"": 0, ""uncapped_points"": 0}, ""volume_pressure"": {""cap"": 2, ""capped_points"": 0, ""uncapped_points"": 0}}",0,2,8,broad,priority_review,fca_complaint_early_warning_v2_candidate,analytical_candidate_pending_business_review,2,complaint_outcome|context_rate,CTX_PROVISION_PEER_HIGH|UPHELD_PEER_HIGH,49016.0,47157.0,0.9307,0.9629,9.18,,matched,,,,retain_priority_review_borderline,"Score 8 from 2 rules across 2 independent signal families (complaint_outcome|context_rate). Persistent rules: CTX_PROVISION_PEER_HIGH|UPHELD_PEER_HIGH. This is an exact-boundary case supported by two distinct families; retain for review but rank below stronger priority cases. This is prioritisation evidence, not a harm finding.",,,,,structured_analytical_review_v1,Codex,2026-07-20,pending_business_review
FRN:512956,2021-H2,2021-07-01 to 2021-12-31,insurance_and_pure_protection,Bank of Ireland (UK) Plc,512956.0,2021-07-01,2021-12-31,7,2,2,CTX_PROVISION_PEER_HIGH|OVER_8_WEEKS_HIGH,6,6,"{""complaint_outcome"": {""cap"": 4, ""capped_points"": 0, ""uncapped_points"": 0}, ""context_rate"": {""cap"": 4, ""capped_points"": 3, ""uncapped_points"": 3}, ""timeliness"": {""cap"": 3, ""capped_points"": 3, ""uncapped_points"": 3}, ""volume_pressure"": {""cap"": 2, ""capped_points"": 0, ""uncapped_points"": 0}}",0,2,8,broad,priority_review,fca_complaint_early_warning_v2_candidate,analytical_candidate_pending_business_review,2,context_rate|timeliness,CTX_PROVISION_PEER_HIGH|OVER_8_WEEKS_HIGH,101.0,125.0,0.344,0.776,21.69,,matched,,,,retain_priority_review_borderline,"Score 8 from 2 rules across 2 independent signal families (context_rate|timeliness). Persistent rules: CTX_PROVISION_PEER_HIGH|OVER_8_WEEKS_HIGH. This is an exact-boundary case supported by two distinct families; retain for review but rank below stronger priority cases. This is prioritisation evidence, not a harm finding.",,,,,structured_analytical_review_v1,Codex,2026-07-20,pending_business_review
FRN:527839,2023-H2,2023-07-01 to 2023-12-31,decumulation_and_pensions,"VANGUARD ASSET MANAGEMENT, LTD.",527839.0,2023-07-01,2023-12-31,7,4,1,CTX_PROVISION_DETERIORATION|CTX_PROVISION_PEER_HIGH|OVER_8_WEEKS_HIGH|UPHELD_DETERIORATION,10,9,"{""complaint_outcome"": {""cap"": 4, ""capped_points"": 2, ""uncapped_points"": 2}, ""context_rate"": {""cap"": 4, ""capped_points"": 4, ""uncapped_points"": 5}, ""timeliness"": {""cap"": 3, ""capped_points"": 3, ""uncapped_points"": 3}, ""volume_pressure"": {""cap"": 2, ""capped_points"": 0, ""uncapped_points"": 0}}",1,1,10,broad,priority_review,fca_complaint_early_warning_v2_candidate,analytical_candidate_pending_business_review,3,complaint_outcome|context_rate|timeliness,CTX_PROVISION_DETERIORATION,579.0,273.0,0.8205,0.3589,5.59,,matched,,,,retain_priority_review,"Score 10 from 4 rules across 3 independent signal families (complaint_outcome|context_rate|timeliness). Persistent rules: CTX_PROVISION_DETERIORATION. Multiple or reinforced signals support retaining priority-review status. This is prioritisation evidence, not a harm finding.",,,,,structured_analytical_review_v1,Codex,2026-07-20,pending_business_review
FRN:527839,2024-H1,2024-01-01 to 2024-06-30,decumulation_and_pensions,"VANGUARD ASSET MANAGEMENT, LTD.",527839.0,2024-01-01,2024-06-30,7,2,2,CTX_PROVISION_PEER_HIGH|OVER_8_WEEKS_HIGH,6,6,"{""complaint_outcome"": {""cap"": 4, ""capped_points"": 0, ""uncapped_points"": 0}, ""context_rate"": {""cap"": 4, ""capped_points"": 3, ""uncapped_points"": 3}, ""timeliness"": {""cap"": 3, ""capped_points"": 3, ""uncapped_points"": 3}, ""volume_pressure"": {""cap"": 2, ""capped_points"": 0, ""uncapped_points"": 0}}",0,2,8,broad,priority_review,fca_complaint_early_warning_v2_candidate,analytical_candidate_pending_business_review,2,context_rate|timeliness,CTX_PROVISION_PEER_HIGH|OVER_8_WEEKS_HIGH,805.0,759.0,0.8287,0.1765,6.08,,matched,,,,retain_priority_review_borderline,"Score 8 from 2 rules across 2 independent signal families (context_rate|timeliness). Persistent rules: CTX_PROVISION_PEER_HIGH|OVER_8_WEEKS_HIGH. This is an exact-boundary case supported by two distinct families; retain for review but rank below stronger priority cases. This is prioritisation evidence, not a harm finding.",,,,,structured_analytical_review_v1,Codex,2026-07-20,pending_business_review
FRN:575105,2021-H2,2021-07-01 to 2021-12-31,banking_and_credit_cards,Cynergy Bank Plc,575105.0,2021-07-01,2021-12-31,7,3,1,CTX_PROVISION_PEER_HIGH|UPHELD_DETERIORATION|UPHELD_PEER_HIGH,8,7,"{""complaint_outcome"": {""cap"": 4, ""capped_points"": 4, ""uncapped_points"": 5}, ""context_rate"": {""cap"": 4, ""capped_points"": 3, ""uncapped_points"": 3}, ""timeliness"": {""cap"": 3, ""capped_points"": 0, ""uncapped_points"": 0}, ""volume_pressure"": {""cap"": 2, ""capped_points"": 0, ""uncapped_points"": 0}}",1,1,8,broad,priority_review,fca_complaint_early_warning_v2_candidate,analytical_candidate_pending_business_review,2,complaint_outcome|context_rate,CTX_PROVISION_PEER_HIGH,784.0,684.0,0.727,0.996,6.8,,matched,,,,retain_priority_review_borderline,"Score 8 from 3 rules across 2 independent signal families (complaint_outcome|context_rate). Persistent rules: CTX_PROVISION_PEER_HIGH. This is an exact-boundary case supported by two distinct families; retain for review but rank below stronger priority cases. This is prioritisation evidence, not a harm finding.",,,,,structured_analytical_review_v1,Codex,2026-07-20,pending_business_review
FRN:652623,2022-H2,2022-04-01 to 2022-09-30,insurance_and_pure_protection,ManyPets Ltd,652623.0,2022-04-01,2022-09-30,9,4,2,CTX_INTERMEDIATION_DETERIORATION|CTX_INTERMEDIATION_PEER_HIGH|CTX_PROVISION_PEER_HIGH|OPENED_EXCEPTIONAL_GROWTH,10,6,"{""complaint_outcome"": {""cap"": 4, ""capped_points"": 0, ""uncapped_points"": 0}, ""context_rate"": {""cap"": 4, ""capped_points"": 4, ""uncapped_points"": 8}, ""timeliness"": {""cap"": 3, ""capped_points"": 0, ""uncapped_points"": 0}, ""volume_pressure"": {""cap"": 2, ""capped_points"": 2, ""uncapped_points"": 2}}",4,2,8,broad,priority_review,fca_complaint_early_warning_v2_candidate,analytical_candidate_pending_business_review,2,context_rate|volume_pressure,CTX_INTERMEDIATION_PEER_HIGH|CTX_PROVISION_PEER_HIGH,4269.0,4531.0,0.6177,1.0,10.58,68.6,matched,,,,retain_priority_review_borderline,"Score 8 from 4 rules across 2 independent signal families (context_rate|volume_pressure). Persistent rules: CTX_INTERMEDIATION_PEER_HIGH|CTX_PROVISION_PEER_HIGH. This is an exact-boundary case supported by two distinct families; retain for review but rank below stronger priority cases. This is prioritisation evidence, not a harm finding.",,,,,structured_analytical_review_v1,Codex,2026-07-20,pending_business_review
FRN:652623,2023-H1,2022-10-01 to 2023-03-31,insurance_and_pure_protection,ManyPets Ltd,652623.0,2022-10-01,2023-03-31,9,6,3,CTX_INTERMEDIATION_DETERIORATION|CTX_INTERMEDIATION_PEER_HIGH|CTX_PROVISION_DETERIORATION|CTX_PROVISION_PEER_HIGH|UPHELD_DETERIORATION|UPHELD_PEER_HIGH,15,8,"{""complaint_outcome"": {""cap"": 4, ""capped_points"": 4, ""uncapped_points"": 5}, ""context_rate"": {""cap"": 4, ""capped_points"": 4, ""uncapped_points"": 10}, ""timeliness"": {""cap"": 3, ""capped_points"": 0, ""uncapped_points"": 0}, ""volume_pressure"": {""cap"": 2, ""capped_points"": 0, ""uncapped_points"": 0}}",7,2,10,broad,priority_review,fca_complaint_early_warning_v2_candidate,analytical_candidate_pending_business_review,2,complaint_outcome|context_rate,CTX_INTERMEDIATION_DETERIORATION|CTX_INTERMEDIATION_PEER_HIGH|CTX_PROVISION_PEER_HIGH,7281.0,7254.0,0.7353184449958643,0.9951750758202372,18.82,146.01,matched,,,,retain_priority_review,"Score 10 from 6 rules across 2 independent signal families (complaint_outcome|context_rate). Persistent rules: CTX_INTERMEDIATION_DETERIORATION|CTX_INTERMEDIATION_PEER_HIGH|CTX_PROVISION_PEER_HIGH. Multiple or reinforced signals support retaining priority-review status. This is prioritisation evidence, not a harm finding.",,,,,structured_analytical_review_v1,Codex,2026-07-20,pending_business_review
FRN:652623,2023-H2,2023-04-01 to 2023-09-30,insurance_and_pure_protection,ManyPets Ltd,652623.0,2023-04-01,2023-09-30,9,4,4,CTX_INTERMEDIATION_DETERIORATION|CTX_INTERMEDIATION_PEER_HIGH|CTX_PROVISION_PEER_HIGH|UPHELD_PEER_HIGH,11,7,"{""complaint_outcome"": {""cap"": 4, ""capped_points"": 3, ""uncapped_points"": 3}, ""context_rate"": {""cap"": 4, ""capped_points"": 4, ""uncapped_points"": 8}, ""timeliness"": {""cap"": 3, ""capped_points"": 0, ""uncapped_points"": 0}, ""volume_pressure"": {""cap"": 2, ""capped_points"": 0, ""uncapped_points"": 0}}",4,2,9,broad,priority_review,fca_complaint_early_warning_v2_candidate,analytical_candidate_pending_business_review,2,complaint_outcome|context_rate,CTX_INTERMEDIATION_DETERIORATION|CTX_INTERMEDIATION_PEER_HIGH|CTX_PROVISION_PEER_HIGH|UPHELD_PEER_HIGH,6507.0,5600.0,0.6916,0.9412,18.24,191.2,matched,,,,retain_priority_review,"Score 9 from 4 rules across 2 independent signal families (complaint_outcome|context_rate). Persistent rules: CTX_INTERMEDIATION_DETERIORATION|CTX_INTERMEDIATION_PEER_HIGH|CTX_PROVISION_PEER_HIGH|UPHELD_PEER_HIGH. Multiple or reinforced signals support retaining priority-review status. This is prioritisation evidence, not a harm finding.",,,,,structured_analytical_review_v1,Codex,2026-07-20,pending_business_review
FRN:652623,2024-H1,2023-10-01 to 2024-03-31,insurance_and_pure_protection,ManyPets Ltd,652623.0,2023-10-01,2024-03-31,9,4,3,CTX_INTERMEDIATION_PEER_HIGH|CTX_PROVISION_PEER_HIGH|OVER_8_WEEKS_HIGH|UPHELD_PEER_HIGH,12,10,"{""complaint_outcome"": {""cap"": 4, ""capped_points"": 3, ""uncapped_points"": 3}, ""context_rate"": {""cap"": 4, ""capped_points"": 4, ""uncapped_points"": 6}, ""timeliness"": {""cap"": 3, ""capped_points"": 3, ""uncapped_points"": 3}, ""volume_pressure"": {""cap"": 2, ""capped_points"": 0, ""uncapped_points"": 0}}",2,2,12,broad,priority_review,fca_complaint_early_warning_v2_candidate,analytical_candidate_pending_business_review,3,complaint_outcome|context_rate|timeliness,CTX_INTERMEDIATION_PEER_HIGH|CTX_PROVISION_PEER_HIGH|UPHELD_PEER_HIGH,6653.0,6234.0,0.7302,0.8568,20.33,207.91,matched,,,,retain_priority_review,"Score 12 from 4 rules across 3 independent signal families (complaint_outcome|context_rate|timeliness). Persistent rules: CTX_INTERMEDIATION_PEER_HIGH|CTX_PROVISION_PEER_HIGH|UPHELD_PEER_HIGH. Multiple or reinforced signals support retaining priority-review status. This is prioritisation evidence, not a harm finding.",,,,,structured_analytical_review_v1,Codex,2026-07-20,pending_business_review
FRN:652623,2025-H1,2024-10-01 to 2025-03-31,insurance_and_pure_protection,ManyPets Ltd,652623.0,2024-10-01,2025-03-31,9,3,2,CTX_INTERMEDIATION_PEER_HIGH|CTX_PROVISION_PEER_HIGH|OVER_8_WEEKS_HIGH,9,7,"{""complaint_outcome"": {""cap"": 4, ""capped_points"": 0, ""uncapped_points"": 0}, ""context_rate"": {""cap"": 4, ""capped_points"": 4, ""uncapped_points"": 6}, ""timeliness"": {""cap"": 3, ""capped_points"": 3, ""uncapped_points"": 3}, ""volume_pressure"": {""cap"": 2, ""capped_points"": 0, ""uncapped_points"": 0}}",2,2,9,broad,priority_review,fca_complaint_early_warning_v2_candidate,analytical_candidate_pending_business_review,2,context_rate|timeliness,CTX_INTERMEDIATION_PEER_HIGH|CTX_PROVISION_PEER_HIGH,3709.0,3973.0,0.5817,0.6212,12.78,19.93,matched,,,,retain_priority_review,"Score 9 from 3 rules across 2 independent signal families (context_rate|timeliness). Persistent rules: CTX_INTERMEDIATION_PEER_HIGH|CTX_PROVISION_PEER_HIGH. Multiple or reinforced signals support retaining priority-review status. This is prioritisation evidence, not a harm finding.",,,,,structured_analytical_review_v1,Codex,2026-07-20,pending_business_review
FRN:652623,2025-H2,2025-04-01 to 2025-09-30,insurance_and_pure_protection,ManyPets Ltd,652623.0,2025-04-01,2025-09-30,9,3,1,CTX_PROVISION_PEER_HIGH|UPHELD_DETERIORATION|UPHELD_PEER_HIGH,8,7,"{""complaint_outcome"": {""cap"": 4, ""capped_points"": 4, ""uncapped_points"": 5}, ""context_rate"": {""cap"": 4, ""capped_points"": 3, ""uncapped_points"": 3}, ""timeliness"": {""cap"": 3, ""capped_points"": 0, ""uncapped_points"": 0}, ""volume_pressure"": {""cap"": 2, ""capped_points"": 0, ""uncapped_points"": 0}}",1,1,8,broad,priority_review,fca_complaint_early_warning_v2_candidate,analytical_candidate_pending_business_review,2,complaint_outcome|context_rate,CTX_PROVISION_PEER_HIGH,3134.0,3383.0,0.7198,0.9799,8.36,14.73,matched,,,,retain_priority_review_borderline,"Score 8 from 3 rules across 2 independent signal families (complaint_outcome|context_rate). Persistent rules: CTX_PROVISION_PEER_HIGH. This is an exact-boundary case supported by two distinct families; retain for review but rank below stronger priority cases. This is prioritisation evidence, not a harm finding.",,,,,structured_analytical_review_v1,Codex,2026-07-20,pending_business_review
FRN:659783,2025-H1,2025-01-01 to 2025-06-30,home_finance,Lenvi Servicing Limited,659783.0,2025-01-01,2025-06-30,6,3,1,OVER_8_WEEKS_HIGH|UPHELD_DETERIORATION|UPHELD_PEER_HIGH,8,7,"{""complaint_outcome"": {""cap"": 4, ""capped_points"": 4, ""uncapped_points"": 5}, ""context_rate"": {""cap"": 4, ""capped_points"": 0, ""uncapped_points"": 0}, ""timeliness"": {""cap"": 3, ""capped_points"": 3, ""uncapped_points"": 3}, ""volume_pressure"": {""cap"": 2, ""capped_points"": 0, ""uncapped_points"": 0}}",1,1,8,broad,priority_review,fca_complaint_early_warning_v2_candidate,analytical_candidate_pending_business_review,2,complaint_outcome|timeliness,OVER_8_WEEKS_HIGH,756.0,782.0,0.8338,0.8222,3.7,,matched,,,,retain_priority_review_borderline,"Score 8 from 3 rules across 2 independent signal families (complaint_outcome|timeliness). Persistent rules: OVER_8_WEEKS_HIGH. This is an exact-boundary case supported by two distinct families; retain for review but rank below stronger priority cases. This is prioritisation evidence, not a harm finding.",,,,,structured_analytical_review_v1,Codex,2026-07-20,pending_business_review
FRN:695476,2022-H1,2022-01-01 to 2022-06-30,insurance_and_pure_protection,OVO (S) Home Services Limited,695476.0,2022-01-01,2022-06-30,9,5,2,CTX_INTERMEDIATION_DETERIORATION|CTX_INTERMEDIATION_PEER_HIGH|CTX_PROVISION_DETERIORATION|CTX_PROVISION_PEER_HIGH|UPHELD_PEER_HIGH,13,7,"{""complaint_outcome"": {""cap"": 4, ""capped_points"": 3, ""uncapped_points"": 3}, ""context_rate"": {""cap"": 4, ""capped_points"": 4, ""uncapped_points"": 10}, ""timeliness"": {""cap"": 3, ""capped_points"": 0, ""uncapped_points"": 0}, ""volume_pressure"": {""cap"": 2, ""capped_points"": 0, ""uncapped_points"": 0}}",6,2,9,broad,priority_review,fca_complaint_early_warning_v2_candidate,analytical_candidate_pending_business_review,2,complaint_outcome|context_rate,CTX_INTERMEDIATION_PEER_HIGH|UPHELD_PEER_HIGH,1031.0,1117.0,0.7484,0.9964,21.6,21.6,matched,,,,retain_priority_review,"Score 9 from 5 rules across 2 independent signal families (complaint_outcome|context_rate). Persistent rules: CTX_INTERMEDIATION_PEER_HIGH|UPHELD_PEER_HIGH. Multiple or reinforced signals support retaining priority-review status. This is prioritisation evidence, not a harm finding.",,,,,structured_analytical_review_v1,Codex,2026-07-20,pending_business_review
FRN:695476,2023-H1,2023-01-01 to 2023-06-30,insurance_and_pure_protection,OVO (S) Home Services Limited,695476.0,2023-01-01,2023-06-30,9,6,1,CTX_INTERMEDIATION_DETERIORATION|CTX_INTERMEDIATION_PEER_HIGH|CTX_PROVISION_DETERIORATION|CTX_PROVISION_PEER_HIGH|UPHELD_DETERIORATION|UPHELD_PEER_HIGH,15,8,"{""complaint_outcome"": {""cap"": 4, ""capped_points"": 4, ""uncapped_points"": 5}, ""context_rate"": {""cap"": 4, ""capped_points"": 4, ""uncapped_points"": 10}, ""timeliness"": {""cap"": 3, ""capped_points"": 0, ""uncapped_points"": 0}, ""volume_pressure"": {""cap"": 2, ""capped_points"": 0, ""uncapped_points"": 0}}",7,1,9,broad,priority_review,fca_complaint_early_warning_v2_candidate,analytical_candidate_pending_business_review,2,complaint_outcome|context_rate,CTX_PROVISION_PEER_HIGH,871.0,1154.0,0.7781629116117851,0.9818024263431542,13.2,269.83,matched,,,,retain_priority_review,"Score 9 from 6 rules across 2 independent signal families (complaint_outcome|context_rate). Persistent rules: CTX_PROVISION_PEER_HIGH. Multiple or reinforced signals support retaining priority-review status. This is prioritisation evidence, not a harm finding.",,,,,structured_analytical_review_v1,Codex,2026-07-20,pending_business_review
FRN:718822,2024-H2,2024-07-01 to 2024-12-31,insurance_and_pure_protection,Telefonica UK Limited,718822.0,2024-07-01,2024-12-31,5,4,0,OPENED_EXCEPTIONAL_GROWTH|OVER_8_WEEKS_HIGH|UPHELD_DETERIORATION|UPHELD_PEER_HIGH,10,9,"{""complaint_outcome"": {""cap"": 4, ""capped_points"": 4, ""uncapped_points"": 5}, ""context_rate"": {""cap"": 4, ""capped_points"": 0, ""uncapped_points"": 0}, ""timeliness"": {""cap"": 3, ""capped_points"": 3, ""uncapped_points"": 3}, ""volume_pressure"": {""cap"": 2, ""capped_points"": 2, ""uncapped_points"": 2}}",1,0,9,partial,priority_review,fca_complaint_early_warning_v2_candidate,analytical_candidate_pending_business_review,3,complaint_outcome|timeliness|volume_pressure,,123.0,152.0,0.7961,0.671,,,matched,,,,retain_priority_review,"Score 9 from 4 rules across 3 independent signal families (complaint_outcome|timeliness|volume_pressure). No rule persisted from the prior period. Multiple or reinforced signals support retaining priority-review status. This is prioritisation evidence, not a harm finding.",,,,,structured_analytical_review_v1,Codex,2026-07-20,pending_business_review
FRN:718822,2025-H1,2025-01-01 to 2025-06-30,insurance_and_pure_protection,Telefonica UK Limited,718822.0,2025-01-01,2025-06-30,5,3,3,OPENED_EXCEPTIONAL_GROWTH|UPHELD_DETERIORATION|UPHELD_PEER_HIGH,7,6,"{""complaint_outcome"": {""cap"": 4, ""capped_points"": 4, ""uncapped_points"": 5}, ""context_rate"": {""cap"": 4, ""capped_points"": 0, ""uncapped_points"": 0}, ""timeliness"": {""cap"": 3, ""capped_points"": 0, ""uncapped_points"": 0}, ""volume_pressure"": {""cap"": 2, ""capped_points"": 2, ""uncapped_points"": 2}}",1,2,8,partial,priority_review,fca_complaint_early_warning_v2_candidate,analytical_candidate_pending_business_review,2,complaint_outcome|volume_pressure,OPENED_EXCEPTIONAL_GROWTH|UPHELD_DETERIORATION|UPHELD_PEER_HIGH,416.0,401.0,0.9676,0.9576,,,matched,,,,retain_priority_review_borderline,"Score 8 from 3 rules across 2 independent signal families (complaint_outcome|volume_pressure). Persistent rules: OPENED_EXCEPTIONAL_GROWTH|UPHELD_DETERIORATION|UPHELD_PEER_HIGH. This is an exact-boundary case supported by two distinct families; retain for review but rank below stronger priority cases. This is prioritisation evidence, not a harm finding.",,,,,structured_analytical_review_v1,Codex,2026-07-20,pending_business_review
FRN:719437,2024-H1,2023-10-01 to 2024-03-31,home_finance,Elderbridge Limited,719437.0,2023-10-01,2024-03-31,7,2,2,CTX_PROVISION_PEER_HIGH|OVER_8_WEEKS_HIGH,6,6,"{""complaint_outcome"": {""cap"": 4, ""capped_points"": 0, ""uncapped_points"": 0}, ""context_rate"": {""cap"": 4, ""capped_points"": 3, ""uncapped_points"": 3}, ""timeliness"": {""cap"": 3, ""capped_points"": 3, ""uncapped_points"": 3}, ""volume_pressure"": {""cap"": 2, ""capped_points"": 0, ""uncapped_points"": 0}}",0,2,8,broad,priority_review,fca_complaint_early_warning_v2_candidate,analytical_candidate_pending_business_review,2,context_rate|timeliness,CTX_PROVISION_PEER_HIGH|OVER_8_WEEKS_HIGH,974.0,957.0,0.5475,0.7221,50.08,,matched,,,,retain_priority_review_borderline,"Score 8 from 2 rules across 2 independent signal families (context_rate|timeliness). Persistent rules: CTX_PROVISION_PEER_HIGH|OVER_8_WEEKS_HIGH. This is an exact-boundary case supported by two distinct families; retain for review but rank below stronger priority cases. This is prioritisation evidence, not a harm finding.",,,,,structured_analytical_review_v1,Codex,2026-07-20,pending_business_review
FRN:719437,2024-H2,2024-04-01 to 2024-09-30,home_finance,Elderbridge Limited,719437.0,2024-04-01,2024-09-30,7,2,2,CTX_PROVISION_PEER_HIGH|OVER_8_WEEKS_HIGH,6,6,"{""complaint_outcome"": {""cap"": 4, ""capped_points"": 0, ""uncapped_points"": 0}, ""context_rate"": {""cap"": 4, ""capped_points"": 3, ""uncapped_points"": 3}, ""timeliness"": {""cap"": 3, ""capped_points"": 3, ""uncapped_points"": 3}, ""volume_pressure"": {""cap"": 2, ""capped_points"": 0, ""uncapped_points"": 0}}",0,2,8,broad,priority_review,fca_complaint_early_warning_v2_candidate,analytical_candidate_pending_business_review,2,context_rate|timeliness,CTX_PROVISION_PEER_HIGH|OVER_8_WEEKS_HIGH,917.0,1003.0,0.4875,0.6052000000000001,50.82,,matched,,,,retain_priority_review_borderline,"Score 8 from 2 rules across 2 independent signal families (context_rate|timeliness). Persistent rules: CTX_PROVISION_PEER_HIGH|OVER_8_WEEKS_HIGH. This is an exact-boundary case supported by two distinct families; retain for review but rank below stronger priority cases. This is prioritisation evidence, not a harm finding.",,,,,structured_analytical_review_v1,Codex,2026-07-20,pending_business_review
FRN:719437,2025-H1,2024-10-01 to 2025-03-31,home_finance,Elderbridge Limited,719437.0,2024-10-01,2025-03-31,7,2,2,CTX_PROVISION_PEER_HIGH|OVER_8_WEEKS_HIGH,6,6,"{""complaint_outcome"": {""cap"": 4, ""capped_points"": 0, ""uncapped_points"": 0}, ""context_rate"": {""cap"": 4, ""capped_points"": 3, ""uncapped_points"": 3}, ""timeliness"": {""cap"": 3, ""capped_points"": 3, ""uncapped_points"": 3}, ""volume_pressure"": {""cap"": 2, ""capped_points"": 0, ""uncapped_points"": 0}}",0,2,8,broad,priority_review,fca_complaint_early_warning_v2_candidate,analytical_candidate_pending_business_review,2,context_rate|timeliness,CTX_PROVISION_PEER_HIGH|OVER_8_WEEKS_HIGH,756.0,783.0,0.4393,0.8327,45.42,,matched,,,,retain_priority_review_borderline,"Score 8 from 2 rules across 2 independent signal families (context_rate|timeliness). Persistent rules: CTX_PROVISION_PEER_HIGH|OVER_8_WEEKS_HIGH. This is an exact-boundary case supported by two distinct families; retain for review but rank below stronger priority cases. This is prioritisation evidence, not a harm finding.",,,,,structured_analytical_review_v1,Codex,2026-07-20,pending_business_review
FRN:719437,2025-H2,2025-04-01 to 2025-09-30,home_finance,Elderbridge Limited,719437.0,2025-04-01,2025-09-30,7,2,2,CTX_PROVISION_PEER_HIGH|OVER_8_WEEKS_HIGH,6,6,"{""complaint_outcome"": {""cap"": 4, ""capped_points"": 0, ""uncapped_points"": 0}, ""context_rate"": {""cap"": 4, ""capped_points"": 3, ""uncapped_points"": 3}, ""timeliness"": {""cap"": 3, ""capped_points"": 3, ""uncapped_points"": 3}, ""volume_pressure"": {""cap"": 2, ""capped_points"": 0, ""uncapped_points"": 0}}",0,2,8,broad,priority_review,fca_complaint_early_warning_v2_candidate,analytical_candidate_pending_business_review,2,context_rate|timeliness,CTX_PROVISION_PEER_HIGH|OVER_8_WEEKS_HIGH,758.0,781.0,0.5109,0.8565999999999999,49.51,,matched,,,,retain_priority_review_borderline,"Score 8 from 2 rules across 2 independent signal families (context_rate|timeliness). Persistent rules: CTX_PROVISION_PEER_HIGH|OVER_8_WEEKS_HIGH. This is an exact-boundary case supported by two distinct families; retain for review but rank below stronger priority cases. This is prioritisation evidence, not a harm finding.",,,,,structured_analytical_review_v1,Codex,2026-07-20,pending_business_review
FRN:759676,2025-H1,2025-01-01 to 2025-06-30,banking_and_credit_cards,Barclays Bank UK PLC,759676.0,2025-01-01,2025-06-30,7,5,0,CTX_PROVISION_DETERIORATION|OPENED_EXCEPTIONAL_GROWTH|OPENED_VOLUME_PRESSURE|UPHELD_DETERIORATION|UPHELD_PEER_HIGH,10,8,"{""complaint_outcome"": {""cap"": 4, ""capped_points"": 4, ""uncapped_points"": 5}, ""context_rate"": {""cap"": 4, ""capped_points"": 2, ""uncapped_points"": 2}, ""timeliness"": {""cap"": 3, ""capped_points"": 0, ""uncapped_points"": 0}, ""volume_pressure"": {""cap"": 2, ""capped_points"": 2, ""uncapped_points"": 3}}",2,0,8,broad,priority_review,fca_complaint_early_warning_v2_candidate,analytical_candidate_pending_business_review,3,complaint_outcome|context_rate|volume_pressure,,147524.0,147228.0,0.7799,0.9104,3.7,,matched,,,,retain_priority_review,"Score 8 from 5 rules across 3 independent signal families (complaint_outcome|context_rate|volume_pressure). No rule persisted from the prior period. Multiple or reinforced signals support retaining priority-review status. This is prioritisation evidence, not a harm finding.",,,,,structured_analytical_review_v1,Codex,2026-07-20,pending_business_review
FRN:766672,2025-H2,2025-04-01 to 2025-09-30,insurance_and_pure_protection,Utility Warehouse Limited,766672.0,2025-04-01,2025-09-30,9,3,2,CTX_INTERMEDIATION_PEER_HIGH|CTX_PROVISION_PEER_HIGH|OVER_8_WEEKS_HIGH,9,7,"{""complaint_outcome"": {""cap"": 4, ""capped_points"": 0, ""uncapped_points"": 0}, ""context_rate"": {""cap"": 4, ""capped_points"": 4, ""uncapped_points"": 6}, ""timeliness"": {""cap"": 3, ""capped_points"": 3, ""uncapped_points"": 3}, ""volume_pressure"": {""cap"": 2, ""capped_points"": 0, ""uncapped_points"": 0}}",2,2,9,broad,priority_review,fca_complaint_early_warning_v2_candidate,analytical_candidate_pending_business_review,2,context_rate|timeliness,CTX_INTERMEDIATION_PEER_HIGH|CTX_PROVISION_PEER_HIGH,2188.0,2016.0,0.3155,0.865,11.93,38.42,matched,coherent_priority_case,"Provision and intermediation context rates are both elevated and timeliness is adverse, with persistence. Current rates improved, so investigate sustained level rather than current deterioration.",,retain_priority_review,"Score 9 from 3 rules across 2 independent signal families (context_rate|timeliness). Persistent rules: CTX_INTERMEDIATION_PEER_HIGH|CTX_PROVISION_PEER_HIGH. Multiple or reinforced signals support retaining priority-review status. This is prioritisation evidence, not a harm finding.",,,,,structured_analytical_review_v1,Codex,2026-07-20,pending_business_review
FRN:781109,2021-H2,2021-06-01 to 2021-11-30,insurance_and_pure_protection,AMERICAN INTERNATIONAL GROUP UK LIMITED,781109.0,2021-06-01,2021-11-30,7,5,0,OPENED_EXCEPTIONAL_GROWTH|OPENED_VOLUME_PRESSURE|OVER_8_WEEKS_HIGH|UPHELD_DETERIORATION|UPHELD_PEER_HIGH,11,9,"{""complaint_outcome"": {""cap"": 4, ""capped_points"": 4, ""uncapped_points"": 5}, ""context_rate"": {""cap"": 4, ""capped_points"": 0, ""uncapped_points"": 0}, ""timeliness"": {""cap"": 3, ""capped_points"": 3, ""uncapped_points"": 3}, ""volume_pressure"": {""cap"": 2, ""capped_points"": 2, ""uncapped_points"": 3}}",2,0,9,broad,priority_review,fca_complaint_early_warning_v2_candidate,analytical_candidate_pending_business_review,3,complaint_outcome|timeliness|volume_pressure,,16843.0,13628.0,0.751,0.75,3.43,,matched,,,,retain_priority_review,"Score 9 from 5 rules across 3 independent signal families (complaint_outcome|timeliness|volume_pressure). No rule persisted from the prior period. Multiple or reinforced signals support retaining priority-review status. This is prioritisation evidence, not a harm finding.",,,,,structured_analytical_review_v1,Codex,2026-07-20,pending_business_review
FRN:785300,2022-H1,2021-10-01 to 2022-03-31,insurance_and_pure_protection,UK Warranty Limited,785300.0,2021-10-01,2022-03-31,8,5,1,CTX_INTERMEDIATION_PEER_HIGH|CTX_PROVISION_DETERIORATION|CTX_PROVISION_PEER_HIGH|UPHELD_DETERIORATION|UPHELD_PEER_HIGH,13,8,"{""complaint_outcome"": {""cap"": 4, ""capped_points"": 4, ""uncapped_points"": 5}, ""context_rate"": {""cap"": 4, ""capped_points"": 4, ""uncapped_points"": 8}, ""timeliness"": {""cap"": 3, ""capped_points"": 0, ""uncapped_points"": 0}, ""volume_pressure"": {""cap"": 2, ""capped_points"": 0, ""uncapped_points"": 0}}",5,1,9,broad,priority_review,fca_complaint_early_warning_v2_candidate,analytical_candidate_pending_business_review,2,complaint_outcome|context_rate,CTX_INTERMEDIATION_PEER_HIGH,524.0,590.0,0.8092,1.1847,26.41,26.41,matched,,,closure_percentage_outside_0_to_100,source_anomaly_requires_business_review,"Score 9 from 5 rules across 2 independent signal families (complaint_outcome|context_rate). Persistent rules: CTX_INTERMEDIATION_PEER_HIGH. Keep in the priority queue, but verify closure_percentage_outside_0_to_100 against the source workbook and definitions before relying on the score. This is prioritisation evidence, not a harm finding. Source-check resolution: Separate source sheets report 88.35% closed within 3 days and 30.12% after 3 days within 8 weeks, totalling 118.47%. Extraction is correct but the FCA source values are internally inconsistent. Do not use the derived timeliness measure without business treatment.",confirmed_source_anomaly,source_anomaly_requires_business_review,"Separate source sheets report 88.35% closed within 3 days and 30.12% after 3 days within 8 weeks, totalling 118.47%. Extraction is correct but the FCA source values are internally inconsistent. Do not use the derived timeliness measure without business treatment.",firm-level-complaints-data-2022-h1.xlsx: % closed in 3 days!H203; % >3 days & <8 !H205,structured_analytical_review_v1,Codex,2026-07-20,pending_business_review
FRN:824122,2021-H2,2021-07-01 to 2021-12-31,insurance_and_pure_protection,OVO HOME SERVICES LTD,824122.0,2021-07-01,2021-12-31,9,3,1,CTX_INTERMEDIATION_PEER_HIGH|CTX_PROVISION_PEER_HIGH|UPHELD_PEER_HIGH,9,7,"{""complaint_outcome"": {""cap"": 4, ""capped_points"": 3, ""uncapped_points"": 3}, ""context_rate"": {""cap"": 4, ""capped_points"": 4, ""uncapped_points"": 6}, ""timeliness"": {""cap"": 3, ""capped_points"": 0, ""uncapped_points"": 0}, ""volume_pressure"": {""cap"": 2, ""capped_points"": 0, ""uncapped_points"": 0}}",2,1,8,broad,priority_review,fca_complaint_early_warning_v2_candidate,analytical_candidate_pending_business_review,2,complaint_outcome|context_rate,UPHELD_PEER_HIGH,1249.0,1166.0,0.788,0.997,8.52,17.03,matched,,,,retain_priority_review_borderline,"Score 8 from 3 rules across 2 independent signal families (complaint_outcome|context_rate). Persistent rules: UPHELD_PEER_HIGH. This is an exact-boundary case supported by two distinct families; retain for review but rank below stronger priority cases. This is prioritisation evidence, not a harm finding.",,,,,structured_analytical_review_v1,Codex,2026-07-20,pending_business_review
FRN:824122,2022-H2,2022-07-01 to 2022-12-31,insurance_and_pure_protection,OVO HOME SERVICES LTD,824122.0,2022-07-01,2022-12-31,9,3,2,CTX_INTERMEDIATION_PEER_HIGH|CTX_PROVISION_PEER_HIGH|UPHELD_PEER_HIGH,9,7,"{""complaint_outcome"": {""cap"": 4, ""capped_points"": 3, ""uncapped_points"": 3}, ""context_rate"": {""cap"": 4, ""capped_points"": 4, ""uncapped_points"": 6}, ""timeliness"": {""cap"": 3, ""capped_points"": 0, ""uncapped_points"": 0}, ""volume_pressure"": {""cap"": 2, ""capped_points"": 0, ""uncapped_points"": 0}}",2,2,9,broad,priority_review,fca_complaint_early_warning_v2_candidate,analytical_candidate_pending_business_review,2,complaint_outcome|context_rate,CTX_INTERMEDIATION_PEER_HIGH|CTX_PROVISION_PEER_HIGH,1311.0,984.0,0.7652,0.9929,9.16,17.33,matched,,,,retain_priority_review,"Score 9 from 3 rules across 2 independent signal families (complaint_outcome|context_rate). Persistent rules: CTX_INTERMEDIATION_PEER_HIGH|CTX_PROVISION_PEER_HIGH. Multiple or reinforced signals support retaining priority-review status. This is prioritisation evidence, not a harm finding.",,,,,structured_analytical_review_v1,Codex,2026-07-20,pending_business_review
FRN:824122,2024-H1,2024-01-01 to 2024-06-30,insurance_and_pure_protection,OVO HOME SERVICES LTD,824122.0,2024-01-01,2024-06-30,9,3,1,CTX_INTERMEDIATION_DETERIORATION|CTX_INTERMEDIATION_PEER_HIGH|UPHELD_PEER_HIGH,8,7,"{""complaint_outcome"": {""cap"": 4, ""capped_points"": 3, ""uncapped_points"": 3}, ""context_rate"": {""cap"": 4, ""capped_points"": 4, ""uncapped_points"": 5}, ""timeliness"": {""cap"": 3, ""capped_points"": 0, ""uncapped_points"": 0}, ""volume_pressure"": {""cap"": 2, ""capped_points"": 0, ""uncapped_points"": 0}}",1,1,8,broad,priority_review,fca_complaint_early_warning_v2_candidate,analytical_candidate_pending_business_review,2,complaint_outcome|context_rate,UPHELD_PEER_HIGH,1956.0,2128.0,0.7383,0.9756,7.58,16.42,matched,,,,retain_priority_review_borderline,"Score 8 from 3 rules across 2 independent signal families (complaint_outcome|context_rate). Persistent rules: UPHELD_PEER_HIGH. This is an exact-boundary case supported by two distinct families; retain for review but rank below stronger priority cases. This is prioritisation evidence, not a harm finding.",,,,,structured_analytical_review_v1,Codex,2026-07-20,pending_business_review
FRN:824122,2025-H1,2025-01-01 to 2025-06-30,insurance_and_pure_protection,OVO HOME SERVICES LTD,824122.0,2025-01-01,2025-06-30,9,4,1,CTX_INTERMEDIATION_DETERIORATION|CTX_PROVISION_DETERIORATION|CTX_PROVISION_PEER_HIGH|UPHELD_PEER_HIGH,10,7,"{""complaint_outcome"": {""cap"": 4, ""capped_points"": 3, ""uncapped_points"": 3}, ""context_rate"": {""cap"": 4, ""capped_points"": 4, ""uncapped_points"": 7}, ""timeliness"": {""cap"": 3, ""capped_points"": 0, ""uncapped_points"": 0}, ""volume_pressure"": {""cap"": 2, ""capped_points"": 0, ""uncapped_points"": 0}}",3,1,8,broad,priority_review,fca_complaint_early_warning_v2_candidate,analytical_candidate_pending_business_review,2,complaint_outcome|context_rate,UPHELD_PEER_HIGH,2067.0,2269.0,0.7373,0.9881,8.5,18.23,matched,,,,retain_priority_review_borderline,"Score 8 from 4 rules across 2 independent signal families (complaint_outcome|context_rate). Persistent rules: UPHELD_PEER_HIGH. This is an exact-boundary case supported by two distinct families; retain for review but rank below stronger priority cases. This is prioritisation evidence, not a harm finding.",,,,,structured_analytical_review_v1,Codex,2026-07-20,pending_business_review
FRN:824122,2025-H2,2025-07-01 to 2025-12-31,insurance_and_pure_protection,OVO HOME SERVICES LTD,824122.0,2025-07-01,2025-12-31,9,2,2,CTX_PROVISION_PEER_HIGH|UPHELD_PEER_HIGH,6,6,"{""complaint_outcome"": {""cap"": 4, ""capped_points"": 3, ""uncapped_points"": 3}, ""context_rate"": {""cap"": 4, ""capped_points"": 3, ""uncapped_points"": 3}, ""timeliness"": {""cap"": 3, ""capped_points"": 0, ""uncapped_points"": 0}, ""volume_pressure"": {""cap"": 2, ""capped_points"": 0, ""uncapped_points"": 0}}",0,2,8,broad,priority_review,fca_complaint_early_warning_v2_candidate,analytical_candidate_pending_business_review,2,complaint_outcome|context_rate,CTX_PROVISION_PEER_HIGH|UPHELD_PEER_HIGH,1953.0,1573.0,0.7559,0.9822,8.3,14.36,matched,,,,retain_priority_review_borderline,"Score 8 from 2 rules across 2 independent signal families (complaint_outcome|context_rate). Persistent rules: CTX_PROVISION_PEER_HIGH|UPHELD_PEER_HIGH. This is an exact-boundary case supported by two distinct families; retain for review but rank below stronger priority cases. This is prioritisation evidence, not a harm finding.",,,,,structured_analytical_review_v1,Codex,2026-07-20,pending_business_review
